id,codigo_parlamentar,nome,partido,uf,tipo_sessao,tipo_uso_palavra,data,sumario,keywords,transcricao,nome_civil,sexo,data_nascimento,uf_nascimento,municipio_nascimento
513287,5976,Eduardo Girão,NOVO,CE,Sessão Deliberativa Ordinária,Discurso,2025-04-30,"Pedido de apoio aos pares para a instalação de CPIs destinadas a apurar supostas irregularidades na Confederação Brasileira de Futebol (CBF), indícios de desvios no INSS e denúncias sobre a possível comercialização de decisões judiciais no STJ.","NECESSIDADE, INSTALAÇÃO, COMISSÃO PARLAMENTAR DE INQUERITO (CPI), INVESTIGAÇÃO, VENDA, SENTENÇA JUDICIAL, FUNCIONARIO PUBLICO, GABINETE, MINISTRO, SUPERIOR TRIBUNAL DE JUSTIÇA (STJ).",,Luis Eduardo Grangeiro Girão,Masculino,1972-09-25,CE,Fortaleza
513284,1173,Wellington Fagundes,PL,MT,Sessão Deliberativa Ordinária,Pela Liderança,2025-04-30,"Registro de eventos culturais e econômicos em municípios do Estado de Mato Grosso. Defesa da PEC nº 81/2015, da qual S. Exa. é o primeiro signatário, para incluir a proteção ao idoso entre as competências legislativas concorrentes da União, dos Estados e do Distrito Federal e apelo por políticas públicas regionais voltadas a essa população.","REGISTRO, RECEBIMENTO, CONVITE, PARTICIPAÇÃO, EXPOSIÇÃO, FEIRA, ENCONTRO, EMPRESARIO, MUNICIPIO, PORTO ALEGRE DO NORTE (MT), INCENTIVO, DESENVOLVIMENTO ECONOMICO, DESENVOLVIMENTO SOCIAL, REGIÃO, ARAGUAIA, REGIÃO CENTRO OESTE.
DEFESA, APROVAÇÃO, PROPOSTA DE EMENDA A CONSTITUIÇÃO (PEC), AUTORIA, ORADOR, INCLUSÃO, COMPETENCIA LEGISLATIVA, COMPETENCIA CONCORRENTE, UNIÃO, ESTADOS, MUNICIPIOS, MATERIA CONSTITUCIONAL, PROTEÇÃO, PESSOA IDOSA.",,Wellington Antonio Fagundes,Masculino,1957-06-01,MT,Rondonópolis
513283,6304,Margareth Buzetti,PSD,MT,Sessão Deliberativa Ordinária,Discurso,2025-04-30,"Defesa do Projeto de Lei nº 854/2025, de autoria de S. Exa., que dispõe sobre a área de Reserva Legal para a pequena propriedade ou posse rural familiar e estabelece medidas de regularização ambiental, com o objetivo de garantir viabilidade produtiva e justiça ambiental.","DEFESA, APROVAÇÃO, PROJETO DE LEI, AUTORIA, ORADOR, DISPENSA, RESERVA LEGAL, CONDICIONAMENTO, QUANTIDADE, MODULO FISCAL, FACILITAÇÃO, REGULARIZAÇÃO, LICENCIAMENTO AMBIENTAL, PEQUENA PROPRIEDADE, ZONA RURAL, LIMITAÇÃO, FAVORECIMENTO, PEQUENO PRODUTOR RURAL.",,Margareth Gettert Busetti,Feminino,1959-10-31,SC,Concórdia
513280,4560,Sérgio Petecão,PSD,AC,Sessão Deliberativa Ordinária,Discurso,2025-04-30,"Considerações sobre denúncias de irregularidades no Banco da Amazônia, como contratos de consultorias milionárias e financiamento ao Banco Master. Defesa da convocação do Presidente da instituição à CAE para prestar esclarecimentos.","NECESSIDADE, FISCALIZAÇÃO, BANCO CENTRAL DO BRASIL (BACEN), TRIBUNAL DE CONTAS DA UNIÃO (TCU), POLICIA FEDERAL, BANCO DA AMAZONIA S/A (BASA), MOTIVO, CONCESSÃO, FINANCIAMENTO, BANCO PRIVADO, CONTRATAÇÃO, CONSULTORIA, AUSENCIA, LICITAÇÃO.",,Sérgio de Oliveira Cunha,Masculino,1960-04-20,AC,Rio Branco
513279,4531,Jayme Campos,UNIÃO,MT,Sessão Deliberativa Ordinária,Pela Liderança,2025-04-30,Críticas à decisão do Ministro do STF Flávio Dino que autoriza desapropriação de imóveis rurais devastados por incêndios e desmatamentos ilegais.,"PREOCUPAÇÃO, DECISÃO, SUPREMO TRIBUNAL FEDERAL (STF), FLAVIO DINO, MINISTRO, IMOVEL RURAL, DESAPROPRIAÇÃO, MOTIVO, INCENDIO, CRIME, ILEGALIDADE, DESMATAMENTO, CONSEQUENCIA, INSEGURANÇA JURIDICA, INOBSERVANCIA, DEVIDO PROCESSO LEGAL, CAMPO, ZONA RURAL, PREJUIZO, PRODUTOR RURAL.",,Jayme Veríssimo de Campos,Masculino,1951-09-13,NA,NA
513278,5906,Dra. Eudócia,PL,AL,Sessão Deliberativa Ordinária,Discurso,2025-04-30,"Comentários sobre a sessão de debates temáticos, realizada na presente data, acerca do avanço das pesquisas relacionadas à vacina contra o câncer. Defesa do Projeto de Lei nº 126/2025, de autoria de S. Exa., que dispõe sobre normas para o desenvolvimento, pesquisa, produção, distribuição e acesso de vacinas contra o câncer, com foco em inovação científica, acesso universal e equidade no SUS.","DEFESA, APROVAÇÃO, PROJETO DE LEI, AUTORIA, ORADOR, CRIAÇÃO, MARCO REGULATORIO, VACINA, MEDICAMENTO DE ALTO CUSTO, COMBATE, CANCER, NORMAS, DESENVOLVIMENTO CIENTIFICO, PESQUISA CIENTIFICA, PRODUÇÃO, DISTRIBUIÇÃO, MEDICAMENTOS, IMUNIDADE, ACESSO, VACINAÇÃO.",,Eudocia Maria Holanda de Araujo Caldas,Feminino,1964-08-28,AL,Ibateguara
513277,4770,Izalci Lucas,PL,DF,Sessão Deliberativa Ordinária,Discurso,2025-04-30,"Esclarecimentos sobre a possível compra do Banco Master pelo Banco de Brasília (BRB) e apoio ao Requerimento da CAE nº. 30/2025, de autoria da Senadora Leila Barros, que solicita a realização de audiência pública sobre a fiscalização dessa aquisição.","INFORMAÇÃO, ORADOR, RETIRADA, ASSINATURA, FORMAÇÃO, COMISSÃO PARLAMENTAR MISTA DE INQUERITO (CPMI), INVESTIGAÇÃO, AQUISIÇÃO, BANCO PRIVADO, BANCO DE BRASILIA (BRB).",,Izalci Lucas Ferreira,Masculino,1956-04-07,MG,Araújos
513276,631,Magno Malta,PL,ES,Sessão Deliberativa Ordinária,Pela ordem,2025-04-30,"Pela ordem sobre o Projeto de Lei (PL) n° 363, de 2025, que ""Altera a Lei nº 8.685, de 20 de julho de 1993, e a Medida Provisória nº 2.228-1, de 6 de setembro de 2001, para prorrogar benefícios fiscais nelas previstos, a Lei nº 13.594, de 5 de janeiro de 2018, a fim de prorrogar o prazo para utilização do Regime Especial de Tributação para Desenvolvimento da Atividade de Exibição Cinematográfica (Recine), e a Lei nº 14.399, de 8 de julho de 2022; e revoga a Medida Provisória nº 1.280, de 23 de dezembro de 2024.""","PROJETO DE LEI, ALTERAÇÃO, MEDIDA PROVISORIA (MPV), PRORROGAÇÃO, PRAZO, BENEFICIO FISCAL, DEDUÇÃO, IMPOSTO DE RENDA, QUANTITATIVO, APLICAÇÃO, AQUISIÇÃO, COTA, FUNDO NACIONAL, CINEMA, REVOGAÇÃO, LEI FEDERAL, DESENVOLVIMENTO, EXIBIÇÃO, PRODUÇÃO CINEMATOGRAFICA, SUSPENSÃO, CONTRIBUIÇÃO SOCIAL, PROGRAMA DE INTEGRAÇÃO SOCIAL E PROGRAMA DE FORMAÇÃO DO PATRIMONIO DO SERVIDOR PUBLICO (PIS-PASEP), CONTRIBUIÇÃO PARA FINANCIAMENTO DA SEGURIDADE SOCIAL (COFINS), IMPOSTO SOBRE PRODUTOS INDUSTRIALIZADOS (IPI), IMPOSTO DE IMPORTAÇÃO, REGIME ESPECIAL, TRIBUTAÇÃO, Política Nacional Aldir Blanc de Fomento à Cultura, IMPLEMENTAÇÃO, PRINCIPIO JURIDICO, PLANO DE APLICAÇÃO, APLICAÇÃO DE RECURSOS, NORMAS, REPASSE, UNIÃO FEDERAL, ENTE FEDERADO, INVESTIMENTO, AMBITO, MERCADO DE CAPITAIS, OBRAS, AUDIOVISUAL, BRASIL, PROJETO, APROVAÇÃO, AGENCIA NACIONAL DE CINEMA (ANCINE).",,Magno Pereira Malta,Masculino,1957-10-16,BA,Macarani
513275,6338,Teresa Leitão,PT,PE,Sessão Deliberativa Ordinária,Pela ordem,2025-04-30,"Voto de aplauso à Sociedade Musical 1º Maio, da cidade de Itapissuma, estado de Pernambuco, por ocasião da celebração dos seus 140 anos de fundação.","SOLICITAÇÃO, INSERÇÃO, ATA, VOTO DE APLAUSO, COMEMORAÇÃO, ANIVERSARIO DE FUNDAÇÃO, SOCIEDADE, MUSICA, MUNICIPIO, ITAPISSUMA (PE), ESTADO DE PERNAMBUCO (PE).",,Maria Teresa Leitão de Melo,Feminino,1951-10-07,PE,Recife
513273,6335,Damares Alves,REPUBLICANOS,DF,Sessão Deliberativa Ordinária,Pela ordem,2025-04-30,"Pela ordem sobre o Projeto de Lei (PL) n° 363, de 2025, que ""Altera a Lei nº 8.685, de 20 de julho de 1993, e a Medida Provisória nº 2.228-1, de 6 de setembro de 2001, para prorrogar benefícios fiscais nelas previstos, a Lei nº 13.594, de 5 de janeiro de 2018, a fim de prorrogar o prazo para utilização do Regime Especial de Tributação para Desenvolvimento da Atividade de Exibição Cinematográfica (Recine), e a Lei nº 14.399, de 8 de julho de 2022; e revoga a Medida Provisória nº 1.280, de 23 de dezembro de 2024"".","PROJETO DE LEI, ALTERAÇÃO, MEDIDA PROVISORIA (MPV), PRORROGAÇÃO, PRAZO, BENEFICIO FISCAL, DEDUÇÃO, IMPOSTO DE RENDA, QUANTITATIVO, APLICAÇÃO, AQUISIÇÃO, COTA, FUNDO NACIONAL, CINEMA, LEI FEDERAL, REGIME ESPECIAL, TRIBUTAÇÃO, DESENVOLVIMENTO, EXIBIÇÃO, PRODUÇÃO CINEMATOGRAFICA, Política Nacional Aldir Blanc de Fomento à Cultura, IMPLEMENTAÇÃO, PRINCIPIO JURIDICO, PLANO DE APLICAÇÃO, APLICAÇÃO DE RECURSOS, NORMAS, REPASSE, UNIÃO FEDERAL, ENTE FEDERADO, REVOGAÇÃO, SUSPENSÃO, CONTRIBUIÇÃO SOCIAL, PROGRAMA DE INTEGRAÇÃO SOCIAL E PROGRAMA DE FORMAÇÃO DO PATRIMONIO DO SERVIDOR PUBLICO (PIS-PASEP), CONTRIBUIÇÃO PARA FINANCIAMENTO DA SEGURIDADE SOCIAL (COFINS), IMPOSTO SOBRE PRODUTOS INDUSTRIALIZADOS (IPI), IMPOSTO DE IMPORTAÇÃO, INVESTIMENTO, AMBITO, MERCADO DE CAPITAIS, OBRAS, AUDIOVISUAL, BRASIL, PROJETO, APROVAÇÃO, AGENCIA NACIONAL DE CINEMA (ANCINE).",,Damares Regina Alves,Feminino,1964-03-11,PR,Paranaguá
513272,631,Magno Malta,PL,ES,Sessão Deliberativa Ordinária,Pela ordem,2025-04-30,"Pela ordem sobre o Projeto de Lei (PL) n° 363, de 2025, que ""Altera a Lei nº 8.685, de 20 de julho de 1993, e a Medida Provisória nº 2.228-1, de 6 de setembro de 2001, para prorrogar benefícios fiscais nelas previstos, a Lei nº 13.594, de 5 de janeiro de 2018, a fim de prorrogar o prazo para utilização do Regime Especial de Tributação para Desenvolvimento da Atividade de Exibição Cinematográfica (Recine), e a Lei nº 14.399, de 8 de julho de 2022; e revoga a Medida Provisória nº 1.280, de 23 de dezembro de 2024"".","PROJETO DE LEI, ALTERAÇÃO, MEDIDA PROVISORIA (MPV), PRORROGAÇÃO, PRAZO, BENEFICIO FISCAL, DEDUÇÃO, IMPOSTO DE RENDA, QUANTITATIVO, APLICAÇÃO, AQUISIÇÃO, COTA, FUNDO NACIONAL, CINEMA, LEI FEDERAL, REGIME ESPECIAL, TRIBUTAÇÃO, DESENVOLVIMENTO, EXIBIÇÃO, PRODUÇÃO CINEMATOGRAFICA, Política Nacional Aldir Blanc de Fomento à Cultura, IMPLEMENTAÇÃO, PRINCIPIO JURIDICO, PLANO DE APLICAÇÃO, APLICAÇÃO DE RECURSOS, NORMAS, REPASSE, UNIÃO FEDERAL, ENTE FEDERADO, REVOGAÇÃO, SUSPENSÃO, CONTRIBUIÇÃO SOCIAL, PROGRAMA DE INTEGRAÇÃO SOCIAL E PROGRAMA DE FORMAÇÃO DO PATRIMONIO DO SERVIDOR PUBLICO (PIS-PASEP), CONTRIBUIÇÃO PARA FINANCIAMENTO DA SEGURIDADE SOCIAL (COFINS), IMPOSTO SOBRE PRODUTOS INDUSTRIALIZADOS (IPI), IMPOSTO DE IMPORTAÇÃO, INVESTIMENTO, AMBITO, MERCADO DE CAPITAIS, OBRAS, AUDIOVISUAL, BRASIL, PROJETO, APROVAÇÃO, AGENCIA NACIONAL DE CINEMA (ANCINE).",,Magno Pereira Malta,Masculino,1957-10-16,BA,Macarani
513271,1173,Wellington Fagundes,PL,MT,Sessão Deliberativa Ordinária,Pela ordem,2025-04-30,"Pela ordem sobre o Projeto de Lei (PL) n° 363, de 2025, que ""Altera a Lei nº 8.685, de 20 de julho de 1993, e a Medida Provisória nº 2.228-1, de 6 de setembro de 2001, para prorrogar benefícios fiscais nelas previstos, a Lei nº 13.594, de 5 de janeiro de 2018, a fim de prorrogar o prazo para utilização do Regime Especial de Tributação para Desenvolvimento da Atividade de Exibição Cinematográfica (Recine), e a Lei nº 14.399, de 8 de julho de 2022; e revoga a Medida Provisória nº 1.280, de 23 de dezembro de 2024"".","PROJETO DE LEI, ALTERAÇÃO, MEDIDA PROVISORIA (MPV), PRORROGAÇÃO, PRAZO, BENEFICIO FISCAL, DEDUÇÃO, IMPOSTO DE RENDA, QUANTITATIVO, APLICAÇÃO, AQUISIÇÃO, COTA, FUNDO NACIONAL, CINEMA, LEI FEDERAL, REGIME ESPECIAL, TRIBUTAÇÃO, DESENVOLVIMENTO, EXIBIÇÃO, PRODUÇÃO CINEMATOGRAFICA, Política Nacional Aldir Blanc de Fomento à Cultura, IMPLEMENTAÇÃO, PRINCIPIO JURIDICO, PLANO DE APLICAÇÃO, APLICAÇÃO DE RECURSOS, NORMAS, REPASSE, UNIÃO FEDERAL, ENTE FEDERADO, REVOGAÇÃO, SUSPENSÃO, CONTRIBUIÇÃO SOCIAL, PROGRAMA DE INTEGRAÇÃO SOCIAL E PROGRAMA DE FORMAÇÃO DO PATRIMONIO DO SERVIDOR PUBLICO (PIS-PASEP), CONTRIBUIÇÃO PARA FINANCIAMENTO DA SEGURIDADE SOCIAL (COFINS), IMPOSTO SOBRE PRODUTOS INDUSTRIALIZADOS (IPI), IMPOSTO DE IMPORTAÇÃO, INVESTIMENTO, AMBITO, MERCADO DE CAPITAIS, OBRAS, AUDIOVISUAL, BRASIL, PROJETO, APROVAÇÃO, AGENCIA NACIONAL DE CINEMA (ANCINE).",,Wellington Antonio Fagundes,Masculino,1957-06-01,MT,Rondonópolis
513270,5976,Eduardo Girão,NOVO,CE,Sessão Deliberativa Ordinária,Pela ordem,2025-04-30,"Pela ordem sobre o Projeto de Lei (PL) n° 363, de 2025, que ""Altera a Lei nº 8.685, de 20 de julho de 1993, e a Medida Provisória nº 2.228-1, de 6 de setembro de 2001, para prorrogar benefícios fiscais nelas previstos, a Lei nº 13.594, de 5 de janeiro de 2018, a fim de prorrogar o prazo para utilização do Regime Especial de Tributação para Desenvolvimento da Atividade de Exibição Cinematográfica (Recine), e a Lei nº 14.399, de 8 de julho de 2022; e revoga a Medida Provisória nº 1.280, de 23 de dezembro de 2024"".","PROJETO DE LEI, ALTERAÇÃO, MEDIDA PROVISORIA (MPV), PRORROGAÇÃO, PRAZO, BENEFICIO FISCAL, DEDUÇÃO, IMPOSTO DE RENDA, QUANTITATIVO, APLICAÇÃO, AQUISIÇÃO, COTA, FUNDO NACIONAL, CINEMA, LEI FEDERAL, REGIME ESPECIAL, TRIBUTAÇÃO, DESENVOLVIMENTO, EXIBIÇÃO, PRODUÇÃO CINEMATOGRAFICA, Política Nacional Aldir Blanc de Fomento à Cultura, IMPLEMENTAÇÃO, PRINCIPIO JURIDICO, PLANO DE APLICAÇÃO, APLICAÇÃO DE RECURSOS, NORMAS, REPASSE, UNIÃO FEDERAL, ENTE FEDERADO, REVOGAÇÃO, SUSPENSÃO, CONTRIBUIÇÃO SOCIAL, PROGRAMA DE INTEGRAÇÃO SOCIAL E PROGRAMA DE FORMAÇÃO DO PATRIMONIO DO SERVIDOR PUBLICO (PIS-PASEP), CONTRIBUIÇÃO PARA FINANCIAMENTO DA SEGURIDADE SOCIAL (COFINS), IMPOSTO SOBRE PRODUTOS INDUSTRIALIZADOS (IPI), IMPOSTO DE IMPORTAÇÃO, INVESTIMENTO, AMBITO, MERCADO DE CAPITAIS, OBRAS, AUDIOVISUAL, BRASIL, PROJETO, APROVAÇÃO, AGENCIA NACIONAL DE CINEMA (ANCINE).",,Luis Eduardo Grangeiro Girão,Masculino,1972-09-25,CE,Fortaleza
513268,631,Magno Malta,PL,ES,Sessão Deliberativa Ordinária,Discussão,2025-04-30,"Discussão sobre o Projeto de Lei (PL) n° 363, de 2025, que ""Altera a Lei nº 8.685, de 20 de julho de 1993, e a Medida Provisória nº 2.228-1, de 6 de setembro de 2001, para prorrogar benefícios fiscais nelas previstos, a Lei nº 13.594, de 5 de janeiro de 2018, a fim de prorrogar o prazo para utilização do Regime Especial de Tributação para Desenvolvimento da Atividade de Exibição Cinematográfica (Recine), e a Lei nº 14.399, de 8 de julho de 2022; e revoga a Medida Provisória nº 1.280, de 23 de dezembro de 2024"".","DISCUSSÃO, PROJETO DE LEI, ALTERAÇÃO, MEDIDA PROVISORIA (MPV), PRORROGAÇÃO, PRAZO, BENEFICIO FISCAL, DEDUÇÃO, IMPOSTO DE RENDA, QUANTITATIVO, APLICAÇÃO, AQUISIÇÃO, COTA, FUNDO NACIONAL, CINEMA, LEI FEDERAL, REGIME ESPECIAL, TRIBUTAÇÃO, DESENVOLVIMENTO, EXIBIÇÃO, PRODUÇÃO CINEMATOGRAFICA, Política Nacional Aldir Blanc de Fomento à Cultura, IMPLEMENTAÇÃO, PRINCIPIO JURIDICO, PLANO DE APLICAÇÃO, APLICAÇÃO DE RECURSOS, NORMAS, REPASSE, UNIÃO FEDERAL, ENTE FEDERADO, REVOGAÇÃO, SUSPENSÃO, CONTRIBUIÇÃO SOCIAL, PROGRAMA DE INTEGRAÇÃO SOCIAL E PROGRAMA DE FORMAÇÃO DO PATRIMONIO DO SERVIDOR PUBLICO (PIS-PASEP), CONTRIBUIÇÃO PARA FINANCIAMENTO DA SEGURIDADE SOCIAL (COFINS), IMPOSTO SOBRE PRODUTOS INDUSTRIALIZADOS (IPI), IMPOSTO DE IMPORTAÇÃO, INVESTIMENTO, AMBITO, MERCADO DE CAPITAIS, OBRAS, AUDIOVISUAL, BRASIL, PROJETO, APROVAÇÃO, AGENCIA NACIONAL DE CINEMA (ANCINE).",,Magno Pereira Malta,Masculino,1957-10-16,BA,Macarani
513267,5012,Randolfe Rodrigues,PT,AP,Sessão Deliberativa Ordinária,Como Relator,2025-04-30,"Como Relator sobre o Projeto de Lei (PL) n° 363, de 2025, que ""Altera a Lei nº 8.685, de 20 de julho de 1993, e a Medida Provisória nº 2.228-1, de 6 de setembro de 2001, para prorrogar benefícios fiscais nelas previstos, a Lei nº 13.594, de 5 de janeiro de 2018, a fim de prorrogar o prazo para utilização do Regime Especial de Tributação para Desenvolvimento da Atividade de Exibição Cinematográfica (Recine), e a Lei nº 14.399, de 8 de julho de 2022; e revoga a Medida Provisória nº 1.280, de 23 de dezembro de 2024"".","RELATOR, PROJETO DE LEI, ALTERAÇÃO, MEDIDA PROVISORIA (MPV), PRORROGAÇÃO, PRAZO, BENEFICIO FISCAL, DEDUÇÃO, IMPOSTO DE RENDA, QUANTITATIVO, APLICAÇÃO, AQUISIÇÃO, COTA, FUNDO NACIONAL, CINEMA, LEI FEDERAL, REGIME ESPECIAL, TRIBUTAÇÃO, DESENVOLVIMENTO, EXIBIÇÃO, PRODUÇÃO CINEMATOGRAFICA, Política Nacional Aldir Blanc de Fomento à Cultura, IMPLEMENTAÇÃO, PRINCIPIO JURIDICO, PLANO DE APLICAÇÃO, APLICAÇÃO DE RECURSOS, NORMAS, REPASSE, UNIÃO FEDERAL, ENTE FEDERADO, REVOGAÇÃO, SUSPENSÃO, CONTRIBUIÇÃO SOCIAL, PROGRAMA DE INTEGRAÇÃO SOCIAL E PROGRAMA DE FORMAÇÃO DO PATRIMONIO DO SERVIDOR PUBLICO (PIS-PASEP), CONTRIBUIÇÃO PARA FINANCIAMENTO DA SEGURIDADE SOCIAL (COFINS), IMPOSTO SOBRE PRODUTOS INDUSTRIALIZADOS (IPI), IMPOSTO DE IMPORTAÇÃO, INVESTIMENTO, AMBITO, MERCADO DE CAPITAIS, OBRAS, AUDIOVISUAL, BRASIL, PROJETO, APROVAÇÃO, AGENCIA NACIONAL DE CINEMA (ANCINE).",,Randolph Frederich Rodrigues Alves,Masculino,1972-11-06,PE,Garanhuns
513265,5988,Soraya Thronicke,PODEMOS,MS,Sessão Deliberativa Ordinária,Discussão,2025-04-30,"Discussão sobre o Projeto de Lei (PL) n° 363, de 2025, que ""Altera a Lei nº 8.685, de 20 de julho de 1993, e a Medida Provisória nº 2.228-1, de 6 de setembro de 2001, para prorrogar benefícios fiscais nelas previstos, a Lei nº 13.594, de 5 de janeiro de 2018, a fim de prorrogar o prazo para utilização do Regime Especial de Tributação para Desenvolvimento da Atividade de Exibição Cinematográfica (Recine), e a Lei nº 14.399, de 8 de julho de 2022; e revoga a Medida Provisória nº 1.280, de 23 de dezembro de 2024"".","DISCUSSÃO, PROJETO DE LEI, ALTERAÇÃO, MEDIDA PROVISORIA (MPV), PRORROGAÇÃO, PRAZO, BENEFICIO FISCAL, DEDUÇÃO, IMPOSTO DE RENDA, QUANTITATIVO, APLICAÇÃO, AQUISIÇÃO, COTA, FUNDO NACIONAL, CINEMA, LEI FEDERAL, REGIME ESPECIAL, TRIBUTAÇÃO, DESENVOLVIMENTO, EXIBIÇÃO, PRODUÇÃO CINEMATOGRAFICA, Política Nacional Aldir Blanc de Fomento à Cultura, IMPLEMENTAÇÃO, PRINCIPIO JURIDICO, PLANO DE APLICAÇÃO, APLICAÇÃO DE RECURSOS, NORMAS, REPASSE, UNIÃO FEDERAL, ENTE FEDERADO, REVOGAÇÃO, SUSPENSÃO, CONTRIBUIÇÃO SOCIAL, PROGRAMA DE INTEGRAÇÃO SOCIAL E PROGRAMA DE FORMAÇÃO DO PATRIMONIO DO SERVIDOR PUBLICO (PIS-PASEP), CONTRIBUIÇÃO PARA FINANCIAMENTO DA SEGURIDADE SOCIAL (COFINS), IMPOSTO SOBRE PRODUTOS INDUSTRIALIZADOS (IPI), IMPOSTO DE IMPORTAÇÃO, INVESTIMENTO, AMBITO, MERCADO DE CAPITAIS, OBRAS, AUDIOVISUAL, BRASIL, PROJETO, APROVAÇÃO, AGENCIA NACIONAL DE CINEMA (ANCINE).",,Soraya Vieira Thronicke,Feminino,1973-06-01,MS,Dourados
513264,6338,Teresa Leitão,PT,PE,Sessão Deliberativa Ordinária,Discussão,2025-04-30,"Discussão sobre o Projeto de Lei (PL) n° 363, de 2025, que ""Altera a Lei nº 8.685, de 20 de julho de 1993, e a Medida Provisória nº 2.228-1, de 6 de setembro de 2001, para prorrogar benefícios fiscais nelas previstos, a Lei nº 13.594, de 5 de janeiro de 2018, a fim de prorrogar o prazo para utilização do Regime Especial de Tributação para Desenvolvimento da Atividade de Exibição Cinematográfica (Recine), e a Lei nº 14.399, de 8 de julho de 2022; e revoga a Medida Provisória nº 1.280, de 23 de dezembro de 2024"".","DISCUSSÃO, PROJETO DE LEI, ALTERAÇÃO, MEDIDA PROVISORIA (MPV), PRORROGAÇÃO, PRAZO, BENEFICIO FISCAL, DEDUÇÃO, IMPOSTO DE RENDA, QUANTITATIVO, APLICAÇÃO, AQUISIÇÃO, COTA, FUNDO NACIONAL, CINEMA, LEI FEDERAL, REGIME ESPECIAL, TRIBUTAÇÃO, DESENVOLVIMENTO, EXIBIÇÃO, PRODUÇÃO CINEMATOGRAFICA, Política Nacional Aldir Blanc de Fomento à Cultura, IMPLEMENTAÇÃO, PRINCIPIO JURIDICO, PLANO DE APLICAÇÃO, APLICAÇÃO DE RECURSOS, NORMAS, REPASSE, UNIÃO FEDERAL, ENTE FEDERADO, REVOGAÇÃO, SUSPENSÃO, CONTRIBUIÇÃO SOCIAL, PROGRAMA DE INTEGRAÇÃO SOCIAL E PROGRAMA DE FORMAÇÃO DO PATRIMONIO DO SERVIDOR PUBLICO (PIS-PASEP), CONTRIBUIÇÃO PARA FINANCIAMENTO DA SEGURIDADE SOCIAL (COFINS), IMPOSTO SOBRE PRODUTOS INDUSTRIALIZADOS (IPI), IMPOSTO DE IMPORTAÇÃO, INVESTIMENTO, AMBITO, MERCADO DE CAPITAIS, OBRAS, AUDIOVISUAL, BRASIL, PROJETO, APROVAÇÃO, AGENCIA NACIONAL DE CINEMA (ANCINE).",,Maria Teresa Leitão de Melo,Feminino,1951-10-07,PE,Recife
513263,5352,Rogério Carvalho,PT,SE,Sessão Deliberativa Ordinária,Discussão,2025-04-30,"Discussão sobre o Projeto de Lei (PL) n° 363, de 2025, que ""Altera a Lei nº 8.685, de 20 de julho de 1993, e a Medida Provisória nº 2.228-1, de 6 de setembro de 2001, para prorrogar benefícios fiscais nelas previstos, a Lei nº 13.594, de 5 de janeiro de 2018, a fim de prorrogar o prazo para utilização do Regime Especial de Tributação para Desenvolvimento da Atividade de Exibição Cinematográfica (Recine), e a Lei nº 14.399, de 8 de julho de 2022; e revoga a Medida Provisória nº 1.280, de 23 de dezembro de 2024"".","DISCUSSÃO, PROJETO DE LEI, ALTERAÇÃO, MEDIDA PROVISORIA (MPV), PRORROGAÇÃO, PRAZO, BENEFICIO FISCAL, DEDUÇÃO, IMPOSTO DE RENDA, QUANTITATIVO, APLICAÇÃO, AQUISIÇÃO, COTA, FUNDO NACIONAL, CINEMA, LEI FEDERAL, REGIME ESPECIAL, TRIBUTAÇÃO, DESENVOLVIMENTO, EXIBIÇÃO, PRODUÇÃO CINEMATOGRAFICA, Política Nacional Aldir Blanc de Fomento à Cultura, IMPLEMENTAÇÃO, PRINCIPIO JURIDICO, PLANO DE APLICAÇÃO, APLICAÇÃO DE RECURSOS, NORMAS, REPASSE, UNIÃO FEDERAL, ENTE FEDERADO, REVOGAÇÃO, SUSPENSÃO, CONTRIBUIÇÃO SOCIAL, PROGRAMA DE INTEGRAÇÃO SOCIAL E PROGRAMA DE FORMAÇÃO DO PATRIMONIO DO SERVIDOR PUBLICO (PIS-PASEP), CONTRIBUIÇÃO PARA FINANCIAMENTO DA SEGURIDADE SOCIAL (COFINS), IMPOSTO SOBRE PRODUTOS INDUSTRIALIZADOS (IPI), IMPOSTO DE IMPORTAÇÃO, INVESTIMENTO, AMBITO, MERCADO DE CAPITAIS, OBRAS, AUDIOVISUAL, BRASIL, PROJETO, APROVAÇÃO, AGENCIA NACIONAL DE CINEMA (ANCINE).",,Rogério Carvalho Santos,Masculino,1968-08-02,SE,Aracaju
513262,5783,Zenaide Maia,PSD,RN,Sessão Deliberativa Ordinária,Discussão,2025-04-30,"Discussão sobre o Projeto de Lei (PL) n° 363, de 2025, que ""Altera a Lei nº 8.685, de 20 de julho de 1993, e a Medida Provisória nº 2.228-1, de 6 de setembro de 2001, para prorrogar benefícios fiscais nelas previstos, a Lei nº 13.594, de 5 de janeiro de 2018, a fim de prorrogar o prazo para utilização do Regime Especial de Tributação para Desenvolvimento da Atividade de Exibição Cinematográfica (Recine), e a Lei nº 14.399, de 8 de julho de 2022; e revoga a Medida Provisória nº 1.280, de 23 de dezembro de 2024"".","DISCUSSÃO, PROJETO DE LEI, ALTERAÇÃO, MEDIDA PROVISORIA (MPV), PRORROGAÇÃO, PRAZO, BENEFICIO FISCAL, DEDUÇÃO, IMPOSTO DE RENDA, QUANTITATIVO, APLICAÇÃO, AQUISIÇÃO, COTA, FUNDO NACIONAL, CINEMA, LEI FEDERAL, REGIME ESPECIAL, TRIBUTAÇÃO, DESENVOLVIMENTO, EXIBIÇÃO, PRODUÇÃO CINEMATOGRAFICA, Política Nacional Aldir Blanc de Fomento à Cultura, IMPLEMENTAÇÃO, PRINCIPIO JURIDICO, PLANO DE APLICAÇÃO, APLICAÇÃO DE RECURSOS, NORMAS, REPASSE, UNIÃO FEDERAL, ENTE FEDERADO, REVOGAÇÃO, SUSPENSÃO, CONTRIBUIÇÃO SOCIAL, PROGRAMA DE INTEGRAÇÃO SOCIAL E PROGRAMA DE FORMAÇÃO DO PATRIMONIO DO SERVIDOR PUBLICO (PIS-PASEP), CONTRIBUIÇÃO PARA FINANCIAMENTO DA SEGURIDADE SOCIAL (COFINS), IMPOSTO SOBRE PRODUTOS INDUSTRIALIZADOS (IPI), IMPOSTO DE IMPORTAÇÃO, INVESTIMENTO, AMBITO, MERCADO DE CAPITAIS, OBRAS, AUDIOVISUAL, BRASIL, PROJETO, APROVAÇÃO, AGENCIA NACIONAL DE CINEMA (ANCINE).",,Zenaide Maia Calado Pereira dos Santos,Feminino,1954-11-27,PB,Brejo do Cruz
513261,5976,Eduardo Girão,NOVO,CE,Sessão Deliberativa Ordinária,Discussão,2025-04-30,"Discussão sobre o Projeto de Lei (PL) n° 363, de 2025, que ""Altera a Lei nº 8.685, de 20 de julho de 1993, e a Medida Provisória nº 2.228-1, de 6 de setembro de 2001, para prorrogar benefícios fiscais nelas previstos, a Lei nº 13.594, de 5 de janeiro de 2018, a fim de prorrogar o prazo para utilização do Regime Especial de Tributação para Desenvolvimento da Atividade de Exibição Cinematográfica (Recine), e a Lei nº 14.399, de 8 de julho de 2022; e revoga a Medida Provisória nº 1.280, de 23 de dezembro de 2024"".","DISCUSSÃO, PROJETO DE LEI, ALTERAÇÃO, MEDIDA PROVISORIA (MPV), PRORROGAÇÃO, PRAZO, BENEFICIO FISCAL, DEDUÇÃO, IMPOSTO DE RENDA, QUANTITATIVO, APLICAÇÃO, AQUISIÇÃO, COTA, FUNDO NACIONAL, CINEMA, LEI FEDERAL, REGIME ESPECIAL, TRIBUTAÇÃO, DESENVOLVIMENTO, EXIBIÇÃO, PRODUÇÃO CINEMATOGRAFICA, Política Nacional Aldir Blanc de Fomento à Cultura, IMPLEMENTAÇÃO, PRINCIPIO JURIDICO, PLANO DE APLICAÇÃO, APLICAÇÃO DE RECURSOS, NORMAS, REPASSE, UNIÃO FEDERAL, ENTE FEDERADO, REVOGAÇÃO, SUSPENSÃO, CONTRIBUIÇÃO SOCIAL, PROGRAMA DE INTEGRAÇÃO SOCIAL E PROGRAMA DE FORMAÇÃO DO PATRIMONIO DO SERVIDOR PUBLICO (PIS-PASEP), CONTRIBUIÇÃO PARA FINANCIAMENTO DA SEGURIDADE SOCIAL (COFINS), IMPOSTO SOBRE PRODUTOS INDUSTRIALIZADOS (IPI), IMPOSTO DE IMPORTAÇÃO, INVESTIMENTO, AMBITO, MERCADO DE CAPITAIS, OBRAS, AUDIOVISUAL, BRASIL, PROJETO, APROVAÇÃO, AGENCIA NACIONAL DE CINEMA (ANCINE).",,Luis Eduardo Grangeiro Girão,Masculino,1972-09-25,CE,Fortaleza
513259,5012,Randolfe Rodrigues,PT,AP,Sessão Deliberativa Ordinária,Como Relator - Para proferir parecer,2025-04-30,"Como Relator - Para proferir parecer sobre o Projeto de Lei (PL) n° 363, de 2025, que ""Altera a Lei nº 8.685, de 20 de julho de 1993, e a Medida Provisória nº 2.228-1, de 6 de setembro de 2001, para prorrogar benefícios fiscais nelas previstos, a Lei nº 13.594, de 5 de janeiro de 2018, a fim de prorrogar o prazo para utilização do Regime Especial de Tributação para Desenvolvimento da Atividade de Exibição Cinematográfica (Recine), e a Lei nº 14.399, de 8 de julho de 2022; e revoga a Medida Provisória nº 1.280, de 23 de dezembro de 2024"".","RELATOR, PARECER, PROJETO DE LEI, ALTERAÇÃO, MEDIDA PROVISORIA (MPV), PRORROGAÇÃO, PRAZO, BENEFICIO FISCAL, DEDUÇÃO, IMPOSTO DE RENDA, QUANTITATIVO, APLICAÇÃO, AQUISIÇÃO, COTA, FUNDO NACIONAL, CINEMA, LEI FEDERAL, REGIME ESPECIAL, TRIBUTAÇÃO, DESENVOLVIMENTO, EXIBIÇÃO, PRODUÇÃO CINEMATOGRAFICA, Política Nacional Aldir Blanc de Fomento à Cultura, IMPLEMENTAÇÃO, PRINCIPIO JURIDICO, PLANO DE APLICAÇÃO, APLICAÇÃO DE RECURSOS, NORMAS, REPASSE, UNIÃO FEDERAL, ENTE FEDERADO, REVOGAÇÃO, SUSPENSÃO, CONTRIBUIÇÃO SOCIAL, PROGRAMA DE INTEGRAÇÃO SOCIAL E PROGRAMA DE FORMAÇÃO DO PATRIMONIO DO SERVIDOR PUBLICO (PIS-PASEP), CONTRIBUIÇÃO PARA FINANCIAMENTO DA SEGURIDADE SOCIAL (COFINS), IMPOSTO SOBRE PRODUTOS INDUSTRIALIZADOS (IPI), IMPOSTO DE IMPORTAÇÃO, INVESTIMENTO, AMBITO, MERCADO DE CAPITAIS, OBRAS, AUDIOVISUAL, BRASIL, PROJETO, APROVAÇÃO, AGENCIA NACIONAL DE CINEMA (ANCINE).",,Randolph Frederich Rodrigues Alves,Masculino,1972-11-06,PE,Garanhuns
513253,5012,Randolfe Rodrigues,PT,AP,Sessão Deliberativa Ordinária,Pela ordem,2025-04-30,"Registro da presença em Plenário do Exmo. Sr. Leonício Filho, presidente da Câmara Municipal de Marzagão.","REGISTRO, PRESENÇA, PLENARIO, SENADO, VEREADOR, PRESIDENTE, CAMARA MUNICIPAL, MARZAGÃO (GO), ESTADO DE GOIAS (GO).",,Randolph Frederich Rodrigues Alves,Masculino,1972-11-06,PE,Garanhuns
513252,3830,Davi Alcolumbre,UNIÃO,AP,Sessão Deliberativa Ordinária,Não classificado,2025-04-30,"Inserção em ata de voto de aplauso do jurista José Afonso da Silva, por ocasião do seu 100º aniversário.","REQUERIMENTO, INSERÇÃO, ATA, VOTO DE APLAUSO, COMEMORAÇÃO, ANIVERSARIO DE NASCIMENTO, JOSE AFONSO DA SILVA, JURISTA.",,David Samuel Alcolumbre Tobelem,Masculino,1977-06-19,AP,Macapá
513250,5502,Plínio Valério,PSDB,AM,Sessão Deliberativa Ordinária,Discurso,2025-04-30,"Insatisfação quanto à possível adoção da cor vermelha no uniforme da Seleção Brasileira de Futebol, considerada por S. Exa. um desvirtuamento ideológico dos símbolos nacionais, com encaminhamento de requerimentos à Confederação Brasileira de Futebol (CBF) e ao Ministro do Esporte, Sr. André Fufuca, solicitando esclarecimentos sobre a proposta.","APRESENTAÇÃO, REQUERIMENTO DE INFORMAÇÕES, EDNALDO RODRIGUES, PRESIDENTE, CONFEDERAÇÃO BRASILEIRA DE FUTEBOL (CBF), ESCLARECIMENTOS, RESPONSABILIDADE, LANÇAMENTO, ALTERAÇÃO, COR, UNIFORME, SELEÇÃO, FUTEBOL, BRASIL.
REQUERIMENTO DE INFORMAÇÕES, APRESENTAÇÃO, MINISTRO DE ESTADO, ANDRE FUFUCA, MINISTERIO DO ESPORTE, ESCLARECIMENTOS, LIGAÇÃO, CONFEDERAÇÃO, FEDERAÇÃO, ESPORTE, FISCALIZAÇÃO, PRESTAÇÃO DE CONTAS, PARTICIPAÇÃO, CONTRATO, PATROCINIO, PROVIDENCIA, REFERENCIA, ALTERAÇÃO, COR, UNIFORME, SELEÇÃO, BRASIL, FUTEBOL.",,Francisco Plínio Valério Tomaz,Masculino,1955-01-31,AM,Eirunepé
513249,5008,Humberto Costa,PT,PE,Sessão Deliberativa Ordinária,Discurso,2025-04-30,"Comentários sobre a operação “Sem Desconto”, conduzida pela Polícia Federal e CGU, que apura abatimentos indevidos em aposentadorias e pensões do INSS, os quais, segundo S. Exa., tiveram início em 2019, durante o Governo do ex-presidente Jair Bolsonaro.","INFORMAÇÃO, ATUAÇÃO, GOVERNO, CONTROLADORIA-GERAL DA UNIÃO (CGU), POLICIA FEDERAL, MINISTERIO DA JUSTIÇA E SEGURANÇA PUBLICA, ENCERRAMENTO, ATIVIDADE, ORGANIZAÇÃO CRIMINOSA, FRAUDE, PREVIDENCIA SOCIAL, INSTITUTO NACIONAL DO SEGURO SOCIAL (INSS), DESCONTO, FOLHA DE PAGAMENTO, APOSENTADO, PENSIONISTA, BENEFICIO PREVIDENCIARIO.
IMPUTAÇÃO, RESPONSABILIDADE, GOVERNO, JAIR BOLSONARO, EX-PRESIDENTE DA REPUBLICA, PAULO GUEDES, EX-MINISTRO DE ESTADO, MINISTERIO DA ECONOMIA, ATIVIDADE, ORGANIZAÇÃO CRIMINOSA, FRAUDE, INSTITUTO NACIONAL DO SEGURO SOCIAL (INSS).",,Humberto Sérgio Costa Lima,Masculino,1957-07-07,SP,Campinas
513246,825,Paulo Paim,PT,RS,Sessão Deliberativa Ordinária,Discurso,2025-04-30,"Comemoração pela aprovação, na CDH, do Projeto de Lei nº 1958/2021, que prevê a reserva de 30% das vagas em concursos públicos federais para candidatos negros.","AGRADECIMENTO, RELATORIO, APROVAÇÃO, HUMBERTO COSTA, SENADOR, AMBITO, SENADO, COMISSÃO DE DIREITOS HUMANOS (CDH), PROJETO DE LEI, AUTORIA, ORADOR, AMPLIAÇÃO, POLITICA, COTA, AÇÃO AFIRMATIVA, SERVIDOR PUBLICO CIVIL, COMBATE, DISCRIMINAÇÃO RACIAL, EXCLUSÃO, INCENTIVO, IGUALDADE, MINORIA, NEGRO, MULHER, LESBICAS GAYS TRAVESTIS TRANSSEXUAIS E TRANSGENEROS (LGBT), INDIO.",,Paulo Renato Paim,Masculino,1950-03-15,RS,Caxias do Sul
513244,5906,Dra. Eudócia,PL,AL,Sessão de Debates Temáticos,Não classificado,2025-04-30,Encerramento de sessão de debates temáticos destinada a discutir o surgimento e o avanço das pesquisas relacionadas à vacina contra o câncer.,"ENCERRAMENTO, SESSÃO DE DEBATES TEMATICOS, DISCUSSÃO, PESQUISA, VACINA, COMBATE, CANCER.",,Eudocia Maria Holanda de Araujo Caldas,Feminino,1964-08-28,AL,Ibateguara
513213,5385,Irajá,PSD,TO,Sessão de Debates Temáticos,Discurso,2025-04-30,Sessão de debates temáticos destinada a discutir o surgimento e o avanço das pesquisas relacionadas à vacina contra o câncer.,"SESSÃO DE DEBATES TEMATICOS, DISCUSSÃO, PESQUISA, VACINA, COMBATE, CANCER.
DEFESA, APROVAÇÃO, PROJETO DE LEI, CRIAÇÃO, LEI FEDERAL, MARCO REGULATORIO, MEDICAMENTO DE ALTO CUSTO, COMBATE, CANCER, NORMAS, DESENVOLVIMENTO, PESQUISA, PRODUÇÃO, DISTRIBUIÇÃO, ACESSO, VACINA, INOVAÇÃO, EQUIDADE, SISTEMA UNICO DE SAUDE (SUS), DIRETRIZ, FOMENTO, COLABORAÇÃO, AMBITO INTERNACIONAL, DISPOSIÇÕES GERAIS, OBJETIVO, PRINCIPIO JURIDICO, FUNDO NACIONAL, REGULAÇÃO, APROVAÇÃO.",,Irajá Silvestre Filho,Masculino,1983-02-03,GO,Goiânia
513207,5352,Rogério Carvalho,PT,SE,Sessão de Debates Temáticos,Discurso,2025-04-30,Sessão de debates temáticos destinada a discutir o surgimento e o avanço das pesquisas relacionadas à vacina contra o câncer.,"SESSÃO DE DEBATES TEMATICOS, DISCUSSÃO, PESQUISA, VACINA, COMBATE, CANCER.
COMENTARIO, SAUDE PUBLICA, IMPORTANCIA, VACINA, PREVENÇÃO, AUMENTO, QUALIDADE DE VIDA, REGISTRO, DISCUSSÃO, COMISSÃO DE DIREITOS HUMANOS (CDH), SUGESTÃO, CANCELAMENTO, EXIGENCIA, APRESENTAÇÃO, COMPROVANTE, VACINAÇÃO, FAMILIA, ESCOLA, CRIANÇA, ADOLESCENTE.",,Rogério Carvalho Santos,Masculino,1968-08-02,SE,Aracaju
513202,5906,Dra. Eudócia,PL,AL,Sessão de Debates Temáticos,Discurso proferido da Presidência,2025-04-30,"Considerações sobre o Projeto de Lei (PL) n° 126, de 2025, que  ""Institui o Marco Regulatório da Vacina e dos Medicamentos de Alto Custo Contra o Câncer no Brasil e cria normas para o desenvolvimento, pesquisa, produção, distribuição e acesso de vacinas contra o câncer, com foco em inovação científica, acesso universal e equidade no Sistema Único de Saúde (SUS), e estabelece diretrizes para o fomento à pesquisa, à produção nacional e à colaboração internacional.""","DISCURSO, PROJETO DE LEI, CRIAÇÃO, LEI FEDERAL, MARCO REGULATORIO, MEDICAMENTO DE ALTO CUSTO, COMBATE, CANCER, NORMAS, DESENVOLVIMENTO, PESQUISA, PRODUÇÃO, DISTRIBUIÇÃO, ACESSO, VACINA, INOVAÇÃO, EQUIDADE, SISTEMA UNICO DE SAUDE (SUS), DIRETRIZ, FOMENTO, COLABORAÇÃO, AMBITO INTERNACIONAL, DISPOSIÇÕES GERAIS, OBJETIVO, PRINCIPIO JURIDICO, FUNDO NACIONAL, REGULAÇÃO, APROVAÇÃO.",,Eudocia Maria Holanda de Araujo Caldas,Feminino,1964-08-28,AL,Ibateguara
513201,5906,Dra. Eudócia,PL,AL,Sessão de Debates Temáticos,Fala da Presidência,2025-04-30,Abertura de sessão de debates temáticos destinada a discutir o surgimento e o avanço das pesquisas relacionadas à vacina contra o câncer.,"ABERTURA, SESSÃO DE DEBATES TEMATICOS, DISCUSSÃO, PESQUISA, VACINA, COMBATE, CANCER.",,Eudocia Maria Holanda de Araujo Caldas,Feminino,1964-08-28,AL,Ibateguara
513364,5976,Eduardo Girão,NOVO,CE,Sessão Deliberativa Ordinária,Não classificado,2025-04-29,Comentários sobre as eleições para presidência da Confederação Brasileira de Futebol (CBF) e críticas à gestão da entidade.,"COMENTARIO, ELEIÇÕES, PRESIDENCIA, CONFEDERAÇÃO BRASILEIRA DE FUTEBOL (CBF), CRITICA, GESTÃO.",,Luis Eduardo Grangeiro Girão,Masculino,1972-09-25,CE,Fortaleza
513363,631,Magno Malta,PL,ES,Sessão Deliberativa Ordinária,Pela ordem,2025-04-29,Comentários sobre as eleições para presidência da Confederação Brasileira de Futebol (CBF) e críticas à gestão da entidade.,"COMENTARIO, ELEIÇÕES, PRESIDENCIA, CONFEDERAÇÃO BRASILEIRA DE FUTEBOL (CBF), CRITICA, GESTÃO.",,Magno Pereira Malta,Masculino,1957-10-16,BA,Macarani
513362,5976,Eduardo Girão,NOVO,CE,Sessão Deliberativa Ordinária,Não classificado,2025-04-29,"Convite a todos para comparecimento em audiência pública na Comissão de Segurança Pública, acerca da suposta existência de um tribunal secreto, com decisões secretas, dentro dos tribunais superiores do Brasil.","CONVITE, AUDIENCIA PUBLICA, Comissão de Segurança Pública (CSP), INVESTIGAÇÃO, TRIBUNAIS SUPERIORES, CARATER SECRETO, DECISÃO JUDICIAL.",,Luis Eduardo Grangeiro Girão,Masculino,1972-09-25,CE,Fortaleza
513360,5422,Marcos Rogério,PL,RO,Sessão Deliberativa Ordinária,Discurso,2025-04-29,Manifestação contra a legalização dos jogos de azar no Brasil.,"CRITICA, LEGALIZAÇÃO, JOGO DE AZAR, CASA DE APOSTA ESPORTIVA, APOSTAS ESPORTIVAS, VICIO.
COMENTARIO, ACORDO, CONGRESSO NACIONAL, SUPREMO TRIBUNAL FEDERAL (STF), ALTERAÇÃO, PROJETO DE LEI, CRIAÇÃO, LEI FEDERAL, CONCESSÃO, ANISTIA, ACUSADO, CONDENADO, CRIME, CODIGO PENAL, TENTATIVA, ABOLIÇÃO, ESTADO DEMOCRATICO, GOVERNO, MANIFESTAÇÃO, PRAÇA DOS TRES PODERES, DANOS, PATRIMONIO PUBLICO.",,Marcos Rogério da Silva Brito,Masculino,1978-07-07,NA,NA
513359,5976,Eduardo Girão,NOVO,CE,Sessão Deliberativa Ordinária,Não classificado,2025-04-29,Considerações sobre o modo de enfrentamento dos problemas relacionados á atuação ilegal de casas de aposta no Brasil.,"COMENTARIO, COMBATE, ILEGALIDADE, JOGO DE AZAR, CASA DE APOSTA ESPORTIVA, APOSTA, VICIO.",,Luis Eduardo Grangeiro Girão,Masculino,1972-09-25,CE,Fortaleza
513358,5385,Irajá,PSD,TO,Sessão Deliberativa Ordinária,Discurso,2025-04-29,"Exposição sobre a pesquisa realizada pelo Instituto Data Senado sobre a opinião dos brasileiros acerca do Projeto de Lei nº 2234/2022, sob relatoria de S. Exa., que dispõe sobre a exploração de jogos e apostas em todo o território nacional. Defesa da proposta como ferramenta de desenvolvimento econômico e controle do jogo ilegal.","DEFESA, APROVAÇÃO, PROJETO DE LEI, CRIAÇÃO, LEI FEDERAL, EXPLORAÇÃO, ATIVIDADE ECONOMICA, JOGO DE AZAR, APOSTA, CASSINO, BINGO, JOGO ELETRONICO, JOGO DO BICHO, COMPETENCIA, REGULAMENTAÇÃO, UNIÃO FEDERAL, MINISTERIO DA ECONOMIA, CRITERIOS, NORMAS, PODER DE POLICIA, FISCALIZAÇÃO, PODER PUBLICO, ATUAÇÃO, SISTEMA NACIONAL, COMPOSIÇÃO, ORGÃOS, ENTIDADE, ADMINISTRAÇÃO PUBLICA, REQUISITOS, PESSOA JURIDICA, GESTÃO, RISCOS, DEMONSTRAÇÃO FINANCEIRA, AUDITORIA, TURISMO, EXERCICIO PROFISSIONAL, AGENTE, DIREITOS, PESSOA FISICA, PARTICIPAÇÃO, MAIORIDADE, CADASTRO, AMBITO NACIONAL, IDENTIFICAÇÃO, PROIBIÇÃO, ACESSO, LOCAL, PUBLICIDADE, PREVENÇÃO, LAVAGEM DE DINHEIRO, INCIDENCIA, REGIME JURIDICO, TRIBUTOS, TAXA, CONTRIBUIÇÃO DE INTERVENÇÃO NO DOMINIO ECONOMICO (CIDE), IMPOSTOS, DEFINIÇÃO, INFRAÇÃO, PENALIDADE, CRIME, PENA.",,Irajá Silvestre Filho,Masculino,1983-02-03,GO,Goiânia
513357,6304,Margareth Buzetti,PSD,MT,Sessão Deliberativa Ordinária,Pela ordem,2025-04-29,Comentários acerca das denúncias de descontos ilegais nas aposentadorias do INSS.,"CRITICA, FRAUDE, INSTITUTO NACIONAL DO SEGURO SOCIAL (INSS), PREVIDENCIA SOCIAL, DESCONTO NA FONTE, APOSENTADORIA, PROVENTOS, PENSÃO.",,Margareth Gettert Busetti,Feminino,1959-10-31,SC,Concórdia
513356,4770,Izalci Lucas,PL,DF,Sessão Deliberativa Ordinária,Não classificado,2025-04-29,"Esclarecimentos sobre as denúncias de descontos ilegais nas aposentadorias do INSS e sobre a Medida Provisória n° 871, de 2019.","ESCLARECIMENTOS, FRAUDE, INSTITUTO NACIONAL DO SEGURO SOCIAL (INSS), PREVIDENCIA SOCIAL, DESCONTO NA FONTE, APOSENTADORIA, PROVENTOS, PENSÃO, MEDIDA PROVISORIA (MPV), CRIAÇÃO, PROGRAMA ESPECIAL, ANALISE, PROGRAMA, REVISÃO, BENEFICIO PREVIDENCIARIO, SEGURIDADE SOCIAL, CORRELAÇÃO, INDICIO, IRREGULARIDADE, INCAPACIDADE, BONUS, DESEMPENHO FUNCIONAL, PERICIA MEDICA.",,Izalci Lucas Ferreira,Masculino,1956-04-07,MG,Araújos
513355,6337,Cleitinho,REPUBLICANOS,MG,Sessão Deliberativa Ordinária,Discurso,2025-04-29,Críticas ao suposto acordo entre o STF e o Congresso Nacional quanto à elaboração de texto alternativo ao projeto de lei que possibilita a anistia aos envolvidos nos atos de 8 de janeiro de 2023.,"CRITICA, ACORDO, CONGRESSO NACIONAL, SUPREMO TRIBUNAL FEDERAL (STF), ALTERAÇÃO, PROJETO DE LEI, CRIAÇÃO, LEI FEDERAL, CONCESSÃO, ANISTIA, ACUSADO, CONDENADO, CRIME, CODIGO PENAL, TENTATIVA, ABOLIÇÃO, ESTADO DEMOCRATICO, GOVERNO, MANIFESTAÇÃO, PRAÇA DOS TRES PODERES, DANOS, PATRIMONIO PUBLICO.
DEFESA, COMBATE, PRIVILEGIO, PUNIÇÃO, PENA, PARLAMENTAR, CRIME.
CRITICA, FRAUDE, INSTITUTO NACIONAL DO SEGURO SOCIAL (INSS), PREVIDENCIA SOCIAL, DESCONTO NA FONTE, APOSENTADORIA, PROVENTOS, PENSÃO, DEFESA, CRIAÇÃO, COMISSÃO PARLAMENTAR DE INQUERITO (CPI).",,Cleiton Gontijo de Azevedo,Masculino,1982-04-15,MG,Divinópolis
513354,631,Magno Malta,PL,ES,Sessão Deliberativa Ordinária,Discurso,2025-04-29,"Indignação com a entrega de intimação judicial ao ex-Presidente Jair Bolsonaro, durante internação em UTI, em suposta violação das normas do Conselho Federal de Medicina (CFM).Elogios ao Ministro do STF Luiz Fux por sua atuação no julgamento dos envolvidos nos atos de 8 de janeiro de 2023.","CRITICA, JUDICIARIO, SUPREMO TRIBUNAL FEDERAL (STF), ENTREGA, INTIMAÇÃO, EX-PRESIDENTE DA REPUBLICA, JAIR BOLSONARO, HOSPITAL, VIOLAÇÃO, NORMAS, CONSELHO FEDERAL DE MEDICINA (CFM), ELOGIO, MINISTRO, LUIZ FUX, JULGAMENTO, ACUSADO, DEPREDAÇÃO, EDIFICIO SEDE, PODERES CONSTITUCIONAIS, TENTATIVA, GOLPE DE ESTADO.
APOIO, CRIAÇÃO, COMISSÃO PARLAMENTAR DE INQUERITO (CPI), INVESTIGAÇÃO, CONCESSÃO, ASILO POLITICO, EX-PRIMEIRA-DAMA, PAIS ESTRANGEIRO, PERU.
CRITICA, UTILIZAÇÃO, AERONAVE, FORÇA AEREA BRASILEIRA (FAB), MINISTRO, SUPREMO TRIBUNAL FEDERAL (STF), ALEXANDRE DE MORAES, CONVOCAÇÃO, MANIFESTAÇÃO COLETIVA, IMPEACHMENT.",,Magno Pereira Malta,Masculino,1957-10-16,BA,Macarani
513353,631,Magno Malta,PL,ES,Sessão Deliberativa Ordinária,Pela ordem,2025-04-29,"Críticas ao governo federal e ao Ibama, por dificultarem a execução de obras de infraestrutura na região amazônica.","CRITICA, GOVERNO FEDERAL, PRESIDENTE DA REPUBLICA, LUIZ INACIO LULA DA SILVA, INSTITUTO BRASILEIRO DO MEIO AMBIENTE E DOS RECURSOS NATURAIS RENOVAVEIS (IBAMA), PAVIMENTAÇÃO, RODOVIA, AMAZONIA.",,Magno Pereira Malta,Masculino,1957-10-16,BA,Macarani
513352,5926,Lucas Barreto,PSD,AP,Sessão Deliberativa Ordinária,Pela ordem,2025-04-29,Manifestação contrária à proposta de criação de novas reservas ambientais no Amapá.,"CRITICA, CRIAÇÃO, RESERVA ECOLOGICA, ESTADO DO AMAPA (AP), INSTITUTO CHICO MENDES DE CONSERVAÇÃO DA BIODIVERSIDADE (ICMBIO), INSTITUTO BRASILEIRO DO MEIO AMBIENTE E DOS RECURSOS NATURAIS RENOVAVEIS (IBAMA), PREJUIZO, EXPLORAÇÃO, PETROLEO, GAS NATURAL.",,Luiz Cantuária Barreto,Masculino,1964-11-10,NA,NA
513350,5352,Rogério Carvalho,PT,SE,Sessão Deliberativa Ordinária,Pela ordem,2025-04-29,Apoio à fala do Presidente Davi Alcolumbre acerca da exploração das riquezas naturais do estado do Pará. Destaque para a exploração do petróleo e para a necessidade de se ter recursos para financiar a transição das fontes de energia no país.,"APOIO, PRESIDENTE, SENADO, DAVI ALCOLUMBRE, IMPORTANCIA, EXPLORAÇÃO, RIQUEZAS, RECURSOS NATURAIS, PETROLEO, ESTADO DO AMAPA (AP), FINANCIAMENTO, TRANSIÇÃO ENERGETICA, DESENVOLVIMENTO SUSTENTAVEL.",,Rogério Carvalho Santos,Masculino,1968-08-02,SE,Aracaju
513349,5012,Randolfe Rodrigues,PT,AP,Sessão Deliberativa Ordinária,Pela ordem,2025-04-29,Apoio à fala do Presidente Davi Alcolumbre acerca da exploração das riquezas naturais do estado do Pará. Destaque para a necessidade de se ter recursos para financiar a transição das fontes de energia no país.,"APOIO, PRESIDENTE, SENADO, DAVI ALCOLUMBRE, IMPORTANCIA, EXPLORAÇÃO, RIQUEZAS, RECURSOS NATURAIS, ESTADO DO AMAPA (AP), FINANCIAMENTO, TRANSIÇÃO ENERGETICA, DESENVOLVIMENTO SUSTENTAVEL.",,Randolph Frederich Rodrigues Alves,Masculino,1972-11-06,PE,Garanhuns
513348,3830,Davi Alcolumbre,UNIÃO,AP,Sessão Deliberativa Ordinária,Não classificado,2025-04-29,Agradecimentos aos Senadores pelo apoio dado à agenda de desenvolvimento econômico do Amapá e da exploração de riquezas naturais no estado.,"AGRADECIMENTO, SENADOR, APOIO, DESENVOLVIMENTO ECONOMICO, ESTADO DO AMAPA (AP), EXPLORAÇÃO, RIQUEZAS, RECURSOS NATURAIS.",,David Samuel Alcolumbre Tobelem,Masculino,1977-06-19,AP,Macapá
513343,5012,Randolfe Rodrigues,PT,AP,Sessão Deliberativa Ordinária,Pela ordem,2025-04-29,"Apelo para inclusão em pauta do Requerimento (RQS) n° 333, de 2025, que ""Requer a realização de Sessão Especial destinada a celebrar os 100 anos do Grupo Globo e os 60 anos da TV Globo"".","SOLICITAÇÃO, INCLUSÃO, PAUTA, REQUERIMENTO, REALIZAÇÃO, SESSÃO ESPECIAL, CELEBRAÇÃO, ANIVERSARIO DE FUNDAÇÃO, CENTENARIO, GRUPO DE COMUNICAÇÃO, REDE GLOBO.",,Randolph Frederich Rodrigues Alves,Masculino,1972-11-06,PE,Garanhuns
513341,5988,Soraya Thronicke,PODEMOS,MS,Sessão Deliberativa Ordinária,Pela ordem,2025-04-29,"Apelo para que a Presidência prorrogue a ""CPI das bets"".","SOLICITAÇÃO, PRESIDENCIA, SENADO, PRORROGAÇÃO, COMISSÃO PARLAMENTAR DE INQUERITO (CPI), CASA DE APOSTA ESPORTIVA, MANIPULAÇÃO, RESULTADO, COMPETIÇÃO ESPORTIVA, AMBITO NACIONAL, ESPORTE PROFISSIONAL, FUTEBOL, CORRELAÇÃO, APOSTAS ESPORTIVAS.",,Soraya Vieira Thronicke,Feminino,1973-06-01,MS,Dourados
513340,4811,Laércio Oliveira,PP,SE,Sessão Deliberativa Ordinária,Pela ordem,2025-04-29,"Comemoração e agradecimentos pela aprovação do Projeto de Lei Complementar (PLP) n° 48, de 2023, que ""Altera o art. 25 da Lei Complementar nº 101, de 4 de maio de 2000, para permitir, na área de educação, a utilização de recursos transferidos em finalidade diversa da pactuada"".","COMEMORAÇÃO, AGRADECIMENTO, APROVAÇÃO, PROJETO DE LEI COMPLEMENTAR (PLP), ALTERAÇÃO, LEI COMPLEMENTAR, LEI DE RESPONSABILIDADE FISCAL, TRANSFERENCIA, RECURSOS FINANCEIROS, EDUCAÇÃO, CRITERIOS, AUTORIZAÇÃO, ENTE FEDERADO, DESTINAÇÃO, APLICAÇÃO, VALORES, HIPOTESE, INATIVIDADE, PROGRAMA DE GOVERNO.",,Laércio José de Oliveira,Masculino,1959-04-15,PE,Recife
513338,5976,Eduardo Girão,NOVO,CE,Sessão Deliberativa Ordinária,Pela Liderança,2025-04-29,"Censura contra o Governo Federal devido aos descontos irregulares nas aposentadorias dos segurados do INSS, com ênfase em supostos conflitos de interesses.","CRITICA, GOVERNO FEDERAL, CONFLITO DE INTERESSES, DENUNCIA, PREVIDENCIA SOCIAL, DESCONTO NA FONTE, FRAUDE, IRREGULARIDADE, PROVENTOS, APOSENTADO, APOSENTADORIA, PENSÃO, PENSIONISTA, DEFESA, COMISSÃO PARLAMENTAR MISTA DE INQUERITO (CPMI).
DEFESA, ANISTIA, CRIME, TENTATIVA, GOLPE DE ESTADO, DEPREDAÇÃO, EDIFICIO SEDE, PODERES CONSTITUCIONAIS, CRITICA, INTERFERENCIA, SUPREMO TRIBUNAL FEDERAL (STF), ACORDO, CONGRESSO NACIONAL.",,Luis Eduardo Grangeiro Girão,Masculino,1972-09-25,CE,Fortaleza
513334,631,Magno Malta,PL,ES,Sessão Deliberativa Ordinária,Pela ordem,2025-04-29,Considerações sobre as denúncias de descontos não autorizados nos benefícios de aposentados e pensionistas do INSS.,"COMENTARIO, DENUNCIA, PREVIDENCIA SOCIAL, DESCONTO NA FONTE, FRAUDE, IRREGULARIDADE, PROVENTOS, APOSENTADO, APOSENTADORIA, PENSÃO, PENSIONISTA.
DEFESA, ANISTIA, CRIME, TENTATIVA, GOLPE DE ESTADO, DEPREDAÇÃO, EDIFICIO SEDE, PODERES CONSTITUCIONAIS.",,Magno Pereira Malta,Masculino,1957-10-16,BA,Macarani
513333,5012,Randolfe Rodrigues,PT,AP,Sessão Deliberativa Ordinária,Pela Liderança,2025-04-29,Defesa frente às acusações de partidos da oposição sobre fraudes em aposentadorias do INSS.,"DEFESA, GOVERNO FEDERAL, ACUSAÇÃO, PREVIDENCIA SOCIAL, DESCONTO NA FONTE, FRAUDE, IRREGULARIDADE, PROVENTOS, APOSENTADO, APOSENTADORIA, PENSÃO, PENSIONISTA.
MANIFESTAÇÃO, APOIO, DIFERENÇA, PENA, CRIME, TENTATIVA, GOLPE DE ESTADO, DEPREDAÇÃO, EDIFICIO SEDE, PODERES CONSTITUCIONAIS.",,Randolph Frederich Rodrigues Alves,Masculino,1972-11-06,PE,Garanhuns
513332,5936,Carlos Portinho,PL,RJ,Sessão Deliberativa Ordinária,Pela Liderança,2025-04-29,"Leitura de nota pública assinada por S. Exa. e pelo líder da oposição, Senador Rogério Marinho, que repudia a desobediência ao princípio da separação de Poderes diante de eventual acordo entre o Congresso Nacional e o STF na elaboração de texto alternativo ao projeto de anistia dos presos pelo atos de 8 de janeiro de 2023.","LEITURA, NOTA, LIDER, SENADOR, ROGERIO MARINHO, DESOBEDIENCIA, SEPARAÇÃO, PODERES CONSTITUCIONAIS, ACORDO, CONGRESSO NACIONAL, SUPREMO TRIBUNAL FEDERAL (STF), ALTERAÇÃO, PROJETO DE LEI, CRIAÇÃO, LEI FEDERAL, CONCESSÃO, ANISTIA, ACUSADO, CONDENADO, CRIME, CODIGO PENAL, TENTATIVA, ABOLIÇÃO, ESTADO DEMOCRATICO, GOVERNO, MANIFESTAÇÃO, PRAÇA DOS TRES PODERES, DANOS, PATRIMONIO PUBLICO.",,Carlos Francisco Portinho,Masculino,1973-07-02,RJ,Rio de Janeiro
513330,4694,Rogerio Marinho,PL,RN,Sessão Deliberativa Ordinária,Pela ordem,2025-04-29,Considerações sobre as medidas tomadas pelo o governo de Jair Bolsonaro acerca das denúncias de descontos ilegais nas aposentadorias do INSS e esclarecimentos sobre o pagamento de precatórios.,"COMENTARIO, DENUNCIA, PREVIDENCIA SOCIAL, DESCONTO NA FONTE, FRAUDE, IRREGULARIDADE, PROVENTOS, APOSENTADO, APOSENTADORIA, PENSÃO, PENSIONISTA, ATUAÇÃO, GOVERNO, EX-PRESIDENTE DA REPUBLICA, JAIR BOLSONARO, ESCLARECIMENTOS, PAGAMENTO, PRECATORIO.",,Rogério Simonetti Marinho,Masculino,1963-11-26,RN,Natal
513329,5008,Humberto Costa,PT,PE,Sessão Deliberativa Ordinária,Pela ordem,2025-04-29,"Apelo para que os Senadores apoiem o Projeto de Resolução do Senado (PRS) n° 13, de 2025, que ""Autoriza a contratação da operação de crédito externo, com a garantia da República Federativa do Brasil, no valor de USD$ 90,000,000,00 (noventa milhões de dólares dos Estados Unidos da América) entre o Governo do Estado de Pernambuco e o Banco Internacional para Reconstrução e Desenvolvimento (BIRD), cujos recursos serão destinados ao Projeto de Saneamento Rural de Pernambuco, no âmbito do Plano de Promoção do Equilíbrio Fiscal (PEF), instituído pela Lei Complementar nº 178, de 2021"".","SOLICITAÇÃO, APOIO, PROJETO DE RESOLUÇÃO DO SENADO (PRS), AUTORIZAÇÃO, ESTADO DE PERNAMBUCO (PE), CONTRATAÇÃO, OPERAÇÃO FINANCEIRA, INSTITUIÇÃO FINANCEIRA, BANCO INTERNACIONAL DE RECONSTRUÇÃO E DESENVOLVIMENTO (BIRD), GARANTIA, UNIÃO FEDERAL, CREDITO EXTERNO, DESTINAÇÃO, FINANCIAMENTO, PROJETO, SANEAMENTO, ZONA RURAL.",,Humberto Sérgio Costa Lima,Masculino,1957-07-07,SP,Campinas
513328,5352,Rogério Carvalho,PT,SE,Sessão Deliberativa Ordinária,Pela Liderança,2025-04-29,"Defesa do Governo Federal, especialmente no que se refere às investigações de possíveis fraudes nos benefícios do INSS, e objeção às acusações da oposição de suposto descontrole fiscal.","DEFESA, GOVERNO FEDERAL, ACUSAÇÃO, PREVIDENCIA SOCIAL, DESCONTO NA FONTE, FRAUDE, IRREGULARIDADE, PROVENTOS, APOSENTADO, APOSENTADORIA, PENSÃO, PENSIONISTA.
DEFESA, GOVERNO FEDERAL, ACUSAÇÃO, DESEQUILIBRIO, ORÇAMENTO, PAGAMENTO, PRECATORIO, GOVERNO, EX-PRESIDENTE DA REPUBLICA, JAIR BOLSONARO.",,Rogério Carvalho Santos,Masculino,1968-08-02,SE,Aracaju
513326,581,Jaques Wagner,PT,BA,Sessão Deliberativa Ordinária,Pela ordem,2025-04-29,"Registro de orientação de bancada, pelo Governo, favorável ao Projeto de Lei Complementar (PLP) n° 48, de 2023, que ""Altera o art. 25 da Lei Complementar nº 101, de 4 de maio de 2000, para permitir, na área de educação, a utilização de recursos transferidos em finalidade diversa da pactuada"".","ORIENTAÇÃO, BANCADA, GOVERNO, PROJETO DE LEI COMPLEMENTAR (PLP), ALTERAÇÃO, LEI COMPLEMENTAR, LEI DE RESPONSABILIDADE FISCAL, TRANSFERENCIA, RECURSOS FINANCEIROS, EDUCAÇÃO, CRITERIOS, AUTORIZAÇÃO, ENTE FEDERADO, DESTINAÇÃO, APLICAÇÃO, VALORES, HIPOTESE, INATIVIDADE, PROGRAMA DE GOVERNO.",,Jaques Wagner,Masculino,1951-03-16,RJ,Rio de Janeiro
513324,6335,Damares Alves,REPUBLICANOS,DF,Sessão Deliberativa Ordinária,Como Relator - Para proferir parecer,2025-04-29,"Como Relator - Para proferir parecer sobre o Projeto de Lei Complementar (PLP) n° 48, de 2023, que ""Altera o art. 25 da Lei Complementar nº 101, de 4 de maio de 2000, para permitir, na área de educação, a utilização de recursos transferidos em finalidade diversa da pactuada"".","RELATOR, PARECER, PROJETO DE LEI COMPLEMENTAR (PLP), ALTERAÇÃO, LEI COMPLEMENTAR, LEI DE RESPONSABILIDADE FISCAL, TRANSFERENCIA, RECURSOS FINANCEIROS, EDUCAÇÃO, CRITERIOS, AUTORIZAÇÃO, ENTE FEDERADO, DESTINAÇÃO, APLICAÇÃO, VALORES, HIPOTESE, INATIVIDADE, PROGRAMA DE GOVERNO.",,Damares Regina Alves,Feminino,1964-03-11,PR,Paranaguá
513322,6335,Damares Alves,REPUBLICANOS,DF,Sessão Deliberativa Ordinária,Como Relator,2025-04-29,"Como Relator sobre o Projeto de Lei Complementar (PLP) n° 48, de 2023, que ""Altera o art. 25 da Lei Complementar nº 101, de 4 de maio de 2000, para permitir, na área de educação, a utilização de recursos transferidos em finalidade diversa da pactuada"".","RELATOR, PROJETO DE LEI COMPLEMENTAR (PLP), ALTERAÇÃO, LEI COMPLEMENTAR, LEI DE RESPONSABILIDADE FISCAL, TRANSFERENCIA, RECURSOS FINANCEIROS, EDUCAÇÃO, CRITERIOS, AUTORIZAÇÃO, ENTE FEDERADO, DESTINAÇÃO, APLICAÇÃO, VALORES, HIPOTESE, INATIVIDADE, PROGRAMA DE GOVERNO.",,Damares Regina Alves,Feminino,1964-03-11,PR,Paranaguá
513320,581,Jaques Wagner,PT,BA,Sessão Deliberativa Ordinária,Pela ordem,2025-04-29,"Apelo para inclusão em pauta do Projeto de Resolução do Senado (PRS) n° 12, de 2025, que ""Disciplina o tratamento a ser dispensado às operações realizadas de acordo com as Leis Complementares nº 156, de 28 de dezembro de 2016, nº 159, de 19 de maio de 2017, e nº 178, de 13 de janeiro de 2021, no que tange às contratações dessas operações e às concessões de garantia pela União previstas nas Resoluções do Senado Federal nºs 40 e 43, de 2001, e nº 48, de 2007, bem como altera a Resolução do Senado Federal nº 15, de 2021, para incluir a autorização da realização de aditamentos contratuais a operações de crédito interno da União, dos Estados, do Distrito Federal e dos Municípios, e de suas respectivas administrações indiretas, cuja finalidade seja a substituição da taxa de juros aplicável a essas operações, no caso de a taxa vigente ser baseada na London InterBank Offered Rate (Libor) ou na European Interbank Offered Rate (Euribor)"".","SOLICITAÇÃO, INCLUSÃO, PAUTA, PROJETO DE RESOLUÇÃO DO SENADO (PRS), ALTERAÇÃO, RESOLUÇÃO, SENADO, REGULAMENTAÇÃO, NORMAS, DEFINIÇÃO, REQUISITOS, OPERAÇÃO FINANCEIRA, DIVIDA PUBLICA, CREDITO EXTERNO, DIVIDA INTERNA, AUTORIZAÇÃO, ADITAMENTO, CONTRATO, SUBSTITUIÇÃO, JUROS.",,Jaques Wagner,Masculino,1951-03-16,RJ,Rio de Janeiro
513316,4694,Rogerio Marinho,PL,RN,Sessão Deliberativa Ordinária,Pela Liderança,2025-04-29,"Indignação com as denúncias de descontos ilegais nas aposentadorias do INSS, com apelo para a instalação de uma CPMI que investigue esses fatos.","INDIGNAÇÃO, FRAUDE, IRREGULARIDADE, CONSIGNAÇÃO EM FOLHA DE PAGAMENTO, PROVENTOS, APOSENTADO, APOSENTADORIA, PENSÃO, PENSIONISTA, DEFESA, ABERTURA, COMISSÃO PARLAMENTAR MISTA DE INQUERITO (CPMI), INVESTIGAÇÃO.
DEFESA, ANISTIA, CRIME, TENTATIVA, GOLPE DE ESTADO, DEPREDAÇÃO, EDIFICIO SEDE, PODERES CONSTITUCIONAIS.",,Rogério Simonetti Marinho,Masculino,1963-11-26,RN,Natal
513314,3806,Zequinha Marinho,PODEMOS,PA,Sessão Deliberativa Ordinária,Pela ordem,2025-04-29,"Requerimento de inserção em ata de voto de pesar pelo falecimento da Irmã Kariny Campos Marques, em um trágico acidente rodoviário nas imediações do km 49 da BR-316.","REQUERIMENTO, VOTO DE PESAR, MORTE, MULHER, IGREJA EVANGELICA, ACIDENTE.",,José da Cruz Marinho,Masculino,1959-09-18,TO,Araguacema
513312,5998,Daniella Ribeiro,PP,PB,Sessão Deliberativa Ordinária,Discurso,2025-04-29,"Destaque para os avanços do Programa Antes que Aconteça, que visa prevenir a violência contra a mulher, com registro das unidades vinculadas ao programa no Estado da Paraíba. Apelo por uma atuação dos homens em prol do combate à misoginia e à violência contra a mulher.","ELOGIO, PROGRAMA, RECURSOS PUBLICOS, MINISTERIO DA JUSTIÇA E SEGURANÇA PUBLICA, ESTADO DA PARAIBA (PB), PREVENÇÃO, VIOLENCIA DOMESTICA, MULHER, FEMINICIDIO, ATUAÇÃO, EDUCAÇÃO, ESCOLA, CRIANÇA, SOLICITAÇÃO, HOMEM, COMBATE, MISOGINIA.",,Daniella Velloso Borges Ribeiro,Feminino,1972-03-26,PB,Campina Grande
513311,5976,Eduardo Girão,NOVO,CE,Sessão Deliberativa Ordinária,Pela ordem,2025-04-29,Leitura de carta da Associação dos Familiares e Vítimas do 8 de Janeiro de 2023 (Asfav) listando presos que estão passando por problemas de saúde. Apelo para que o Senado atue no caso. Críticas ao Ministro Alexandre de Moraes.,"LEITURA, CARTA, ASSOCIAÇÃO CIVIL, FAMILIA, PRESO, ATENTADO, DEPREDAÇÃO, TENTATIVA, GOLPE DE ESTADO, PROBLEMA, SAUDE, DOENÇA, SOLICITAÇÃO, ATUAÇÃO, SENADO, CRITICA, MINISTRO, SUPREMO TRIBUNAL FEDERAL (STF), ALEXANDRE DE MORAES.",,Luis Eduardo Grangeiro Girão,Masculino,1972-09-25,CE,Fortaleza
513310,5979,Leila Barros,PDT,DF,Sessão Deliberativa Ordinária,Pela ordem,2025-04-29,"Pedido de inclusão em pauta da Mensagem (SF) (MSF) n° 15, de 2025, que ""Submete à apreciação do Senado Federal, nos termos do art. 52, incisos V, VII e VIII, da Constituição Federal, autorização para contratação de operação de crédito externo,  com a garantia da República Federativa do Brasil, no valor total de até US$ 250,000,000.00 (duzentos e cinquenta milhões de dólares dos Estados Unidos da América), de principal, entre Banco Nacional de Desenvolvimento Econômico e Social - BNDES e o Banco Interamericano de Desenvolvimento - BID, cujos recursos destinam-se ao financiamento parcial do Programa BID-BNDES de Financiamento à Recuperação Sustentável e Produtiva das Micro, Pequenas e Médias Empresas (MPMEs)"".","PEDIDO, INCLUSÃO, PAUTA, MENSAGEM (MSG), AUTORIZAÇÃO, UNIÃO FEDERAL, BANCO NACIONAL DE DESENVOLVIMENTO ECONOMICO E SOCIAL (BNDES), CONTRATAÇÃO, OPERAÇÃO FINANCEIRA, INSTITUIÇÃO FINANCEIRA, BANCO INTERAMERICANO DE DESENVOLVIMENTO (BID), CREDITO EXTERNO, DESTINAÇÃO, FINANCIAMENTO, PROGRAMA, RECUPERAÇÃO, MICROEMPRESA, PEQUENA EMPRESA.",,Leila Gomes de Barros Rêgo,Feminino,1971-09-30,DF,Brasília
513308,825,Paulo Paim,PT,RS,Sessão Deliberativa Ordinária,Pela ordem,2025-04-29,"Comunicado da apresentação do Requerimento (RQS) n° 330, de 2025, que ""Requer a realização de Sessão Especial destinada a celebrar os 10 anos da Lei Brasileira de Inclusão da Pessoa com Deficiência (Estatuto da Pessoa com Deficiência)"".","APRESENTAÇÃO, REQUERIMENTO, REALIZAÇÃO, SESSÃO ESPECIAL, CELEBRAÇÃO, ANIVERSARIO, ESTATUTO DA PESSOA COM DEFICIENCIA.",,Paulo Renato Paim,Masculino,1950-03-15,RS,Caxias do Sul
513306,4770,Izalci Lucas,PL,DF,Sessão Deliberativa Ordinária,Pela ordem,2025-04-29,"Solicitação para que a Sessão Especial destinada a celebrar o Dia da Polícia Militar do Distrito Federal, aprovada através do Requerimento n° 991, de 2024, seja transformada em Sessão Solene do Congresso Nacional.","REQUERIMENTO, TRANSFORMAÇÃO, SESSÃO ESPECIAL, CELEBRAÇÃO, DIA NACIONAL, POLICIA MILITAR, DISTRITO FEDERAL (DF), SESSÃO SOLENE, CONGRESSO NACIONAL.",,Izalci Lucas Ferreira,Masculino,1956-04-07,MG,Araújos
513305,6338,Teresa Leitão,PT,PE,Sessão Deliberativa Ordinária,Pela ordem,2025-04-29,"Apresentação do abaixo-assinado ""Navegar é Preciso; Regulamentar as Redes Também"", solicitando a regulamentação de plataformas digitais e redes sociais.","APRESENTAÇÃO, DOCUMENTO, ASSINATURA, SOLICITAÇÃO, REGULAMENTAÇÃO, INTERNET, MIDIA SOCIAL.",,Maria Teresa Leitão de Melo,Feminino,1951-10-07,PE,Recife
513303,5917,Fernando Dueire,MDB,PE,Sessão Deliberativa Ordinária,Pela ordem,2025-04-29,"Pedido de inclusão em pauta da Mensagem (SF) (MSF) n° 13, de 2025, que ""Submete à apreciação do Senado Federal, nos termos do art. 52, da Constituição Federal, autorização para contratação de operação de crédito externo no valor de USD$ 90,000,000.00 entre o Governo do Estado de Pernambuco e o Banco Internacional para Reconstrução e Desenvolvimento - BIRD"".","PEDIDO, INCLUSÃO, PAUTA, MENSAGEM (MSG), AUTORIZAÇÃO, ESTADO DE PERNAMBUCO (PE), CONTRATAÇÃO, OPERAÇÃO FINANCEIRA, INSTITUIÇÃO FINANCEIRA, BANCO INTERNACIONAL DE RECONSTRUÇÃO E DESENVOLVIMENTO (BIRD), GARANTIA, UNIÃO FEDERAL, CREDITO EXTERNO, DESTINAÇÃO, FINANCIAMENTO, PROJETO, SANEAMENTO, ZONA RURAL.",,Fernando Antonio Caminha Dueire,Masculino,1959-04-14,PE,Recife
513302,4770,Izalci Lucas,PL,DF,Sessão Deliberativa Ordinária,Discurso,2025-04-29,"Denúncia de descontos não autorizados nos benefícios de aposentados e pensionistas do INSS, com críticas ao retorno do Sr. Carlos Lupi ao Ministério da Previdência. Relato de práticas irregulares envolvendo entidades sindicais, com base em relatório da CGU, e crítica à decisão recente do STF que teria facilitado os descontos.","DENUNCIA, FRAUDE, IRREGULARIDADE, DESCONTO NA FONTE, SINDICATO, PROVENTOS, APOSENTADO, APOSENTADORIA, PENSÃO, PENSIONISTA, CRITICA, MINISTRO DE ESTADO, MINISTERIO DA PREVIDENCIA SOCIAL (MPS), CARLOS LUPI, DECISÃO JUDICIAL, SUPREMO TRIBUNAL FEDERAL (STF), RELATORIO, CONTROLADORIA-GERAL DA UNIÃO (CGU), DEFESA, INVESTIGAÇÃO.",,Izalci Lucas Ferreira,Masculino,1956-04-07,MG,Araújos
513299,5008,Humberto Costa,PT,PE,Sessão Deliberativa Ordinária,Discurso,2025-04-29,"Celebração pelos 21 anos do Serviço de Atendimento Móvel de Urgência (Samu), com reconhecimento ao Presidente Lula pela criação do programa e à dedicação dos profissionais envolvidos, além de menção aos investimentos que possibilitaram sua ampliação.","COMEMORAÇÃO, ANIVERSARIO DE FUNDAÇÃO, SERVIÇO DE ATENDIMENTO MOVEL DE URGENCIA (SAMU), SAUDE PUBLICA, SISTEMA UNICO DE SAUDE (SUS), DESTAQUE, AVALIAÇÃO.",,Humberto Sérgio Costa Lima,Masculino,1957-07-07,SP,Campinas
513297,5502,Plínio Valério,PSDB,AM,Sessão Deliberativa Ordinária,Discurso,2025-04-29,"Crítica à Sra. Marina Silva, Ministra do Meio Ambiente e Mudança do Clima, por sua atuação em relação ao povo do Estado do Amazonas. Protesto contra decisões do STF diante de ação proposta pelo PSDB sobre o direito de locomoção da população amazônica. Denúncia sobre suposto conluio entre ONGs e órgãos federais na gestão de políticas ambientais na região.","CRITICA, MINISTRO DE ESTADO, MARINA SILVA, MINISTERIO DO MEIO AMBIENTE E MUDANÇA DO CLIMA, DEFESA, PAVIMENTAÇÃO, RODOVIA, TRANSPORTE RODOVIARIO, ESTADO DO AMAZONAS (AM), AMAZONIA.
AJUIZAMENTO, PARTIDO DA SOCIAL DEMOCRACIA BRASILEIRA (PSDB), ARGUIÇÃO DE DESCUMPRIMENTO DE PRECEITO FUNDAMENTAL (ADPF), SUPREMO TRIBUNAL FEDERAL (STF), LOCOMOÇÃO, POPULAÇÃO, ESTADO DO AMAZONAS (AM).
CRITICA, CONLUIO, ORGANIZAÇÃO NÃO-GOVERNAMENTAL (ONG), INSTITUTO CHICO MENDES DE CONSERVAÇÃO DA BIODIVERSIDADE (ICMBIO), INSTITUTO BRASILEIRO DO MEIO AMBIENTE E DOS RECURSOS NATURAIS RENOVAVEIS (IBAMA), COMISSÃO PARLAMENTAR DE INQUERITO (CPI).",,Francisco Plínio Valério Tomaz,Masculino,1955-01-31,AM,Eirunepé
513296,6335,Damares Alves,REPUBLICANOS,DF,Sessão Deliberativa Ordinária,Discurso,2025-04-29,"Denúncia contra supostas violações de direitos humanos no Brasil, com destaque para a intimação judicial do ex-Presidente Jair Bolsonaro em UTI de hospital. Insatisfação com a suposta demora do Ministro do STF Alexandre de Moraes em autorizar visitas da CDH, presidida por S.Exa., aos presos pelos atos de 8 de janeiro de 2023.","DENUNCIA, VIOLAÇÃO, DIREITOS HUMANOS, JUDICIARIO, SUPREMO TRIBUNAL FEDERAL (STF), INTIMAÇÃO, EX-PRESIDENTE DA REPUBLICA, JAIR BOLSONARO, UNIDADE DE TERAPIA INTENSIVA (UTI), CRITICA, MINISTRO, ALEXANDRE DE MORAES, DEMORA, AUTORIZAÇÃO, COMISSÃO DE DIREITOS HUMANOS (CDH), VISITA, PRESO, DEPREDAÇÃO, TENTATIVA, GOLPE DE ESTADO, EDIFICIO SEDE, PODERES CONSTITUCIONAIS.
ANUNCIO, REMESSA, PROCURADORIA GERAL DA REPUBLICA, PEDIDO, IMPEACHMENT, MINISTRO DE ESTADO, MINISTERIO DA PREVIDENCIA SOCIAL (MPS), CARLOS LUPI.
COMENTARIO, COMISSÃO PARLAMENTAR DE INQUERITO (CPI), CASA DE APOSTA ESPORTIVA, PRISÃO.",,Damares Regina Alves,Feminino,1964-03-11,PR,Paranaguá
513294,6338,Teresa Leitão,PT,PE,Sessão Deliberativa Ordinária,Discurso,2025-04-29,"Comemoração pelo Dia da Caatinga, celebrado em 28 de abril. Relato de iniciativas legislativas e planos de ação voltados à proteção, preservação e investimento no ecossistema.","COMEMORAÇÃO, DIA NACIONAL, CAATINGA, PREOCUPAÇÃO, DESMATAMENTO, MUDANÇA CLIMATICA, AQUECIMENTO GLOBAL, DESTAQUE, ATUAÇÃO, GOVERNO FEDERAL, LEGISLATIVO.
DESTAQUE, PROJETO DE LEI, CRIAÇÃO, LEI FEDERAL, POLITICA NACIONAL, RECUPERAÇÃO, VEGETAÇÃO, CAATINGA, DEFINIÇÃO, OBJETIVO, DIRETRIZ, PRINCIPIO JURIDICO, ATUAÇÃO, PODER PUBLICO, POPULAÇÃO.",,Maria Teresa Leitão de Melo,Feminino,1951-10-07,PE,Recife
513293,5976,Eduardo Girão,NOVO,CE,Sessão Deliberativa Ordinária,Discurso,2025-04-29,"Críticas ao Governo Lula e ao STF, por suposta interferência entre os Poderes.","CRITICA, GOVERNO FEDERAL, PRESIDENTE DA REPUBLICA, LUIZ INACIO LULA DA SILVA, UTILIZAÇÃO, AERONAVE, FORÇA AEREA BRASILEIRA (FAB).
CRITICA, FRAUDE, INSTITUTO NACIONAL DO SEGURO SOCIAL (INSS), PREVIDENCIA SOCIAL, DESCONTO NA FONTE, APOSENTADORIA, PROVENTOS, PENSÃO, DEFESA, CRIAÇÃO, COMISSÃO PARLAMENTAR DE INQUERITO (CPI), COMISSÃO PARLAMENTAR MISTA DE INQUERITO (CPMI).
CRITICA, SUPREMO TRIBUNAL FEDERAL (STF), DECISÃO JUDICIAL, ELEGIBILIDADE, LUIZ INACIO LULA DA SILVA, ANULAÇÃO, CONDENAÇÃO CRIMINAL, OPERAÇÃO LAVA JATO.
DEFESA, COMISSÃO PARLAMENTAR DE INQUERITO (CPI), DESVIO, CORRUPÇÃO, CONFEDERAÇÃO BRASILEIRA DE FUTEBOL (CBF).",,Luis Eduardo Grangeiro Girão,Masculino,1972-09-25,CE,Fortaleza
513291,825,Paulo Paim,PT,RS,Sessão Deliberativa Ordinária,Discurso,2025-04-29,"Registro da Marcha de Brasília, organizada por centrais sindicais, federações e sindicatos na Esplanada dos Ministérios. Defesa da PEC nº 148/2015, em que S. Exa. é o primeiro signatário, que propõe reduzir a jornada de trabalho semanal, bem como de outras iniciativas legislativas sobre o tema.","DEFESA, APROVAÇÃO, PROPOSTA DE EMENDA A CONSTITUIÇÃO (PEC), ALTERAÇÃO, CONSTITUIÇÃO FEDERAL, TRABALHO, EMPREGO, DIREITOS SOCIAIS, TRABALHADOR, REDUÇÃO, DURAÇÃO, JORNADA DE TRABALHO, HORARIO DE TRABALHO.
REGISTRO, MARCHA, BRASILIA (DF), SINDICATO, CENTRAL SINDICAL, FEDERAÇÃO SINDICAL, Dia do Trabalho, DESTAQUE, REDUÇÃO, JORNADA DE TRABALHO.",,Paulo Renato Paim,Masculino,1950-03-15,RS,Caxias do Sul
513192,5376,Mara Gabrilli,PSD,SP,Sessão Solene,Não classificado,2025-04-29,"Encerramento da Sessão Solene destinada a homenagear os 150 anos do jornal  “O  Estado de São Paulo” - Estadão, nos termos do Requerimento n° 1/2025-Mesa, da Senadora Mara Gabrilli e do Deputado Baleia Rossi.","ENCERRAMENTO, SESSÃO SOLENE, CONGRESSO NACIONAL, OBJETIVO, HOMENAGEM, ANIVERSARIO, JORNAL, O ESTADO DE S. PAULO, IMPRENSA.",,Mara Cristina Gabrilli,Feminino,1967-09-28,SP,São Paulo
513189,5736,Tereza Cristina,PP,MS,Sessão Solene,Discurso,2025-04-29,"Sessão Solene destinada a homenagear os 150 anos do jornal  “O  Estado de São Paulo” - Estadão, nos termos do Requerimento n° 1/2025-Mesa, da Senadora Mara Gabrilli e do Deputado Baleia Rossi.","SESSÃO SOLENE, CONGRESSO NACIONAL, OBJETIVO, HOMENAGEM, ANIVERSARIO, JORNAL, O ESTADO DE S. PAULO, IMPRENSA.",,Tereza Cristina Correa da Costa Dias,Feminino,1954-07-06,MS,Campo Grande
513184,5376,Mara Gabrilli,PSD,SP,Sessão Solene,Discurso proferido da Presidência,2025-04-29,"Sessão Solene destinada a homenagear os 150 anos do jornal  “O  Estado de São Paulo” - Estadão, nos termos do Requerimento n° 1/2025-Mesa, da Senadora Mara Gabrilli e do Deputado Baleia Rossi.","SESSÃO SOLENE, CONGRESSO NACIONAL, OBJETIVO, HOMENAGEM, ANIVERSARIO, JORNAL, O ESTADO DE S. PAULO, IMPRENSA.",,Mara Cristina Gabrilli,Feminino,1967-09-28,SP,São Paulo
513183,5376,Mara Gabrilli,PSD,SP,Sessão Solene,Fala da Presidência,2025-04-29,"Abertura de Sessão Solene destinada a homenagear os 150 anos do jornal  “O  Estado de São Paulo” - Estadão, nos termos do Requerimento n° 1/2025-Mesa, da Senadora Mara Gabrilli e do Deputado Baleia Rossi.","ABERTURA, SESSÃO SOLENE, CONGRESSO NACIONAL, OBJETIVO, HOMENAGEM, ANIVERSARIO, JORNAL, O ESTADO DE S. PAULO, IMPRENSA.",,Mara Cristina Gabrilli,Feminino,1967-09-28,SP,São Paulo
513181,475,Confúcio Moura,MDB,RO,Sessão Não Deliberativa,Discurso,2025-04-28,"Defesa de investimentos ampliados e diversificados em infraestrutura de transportes no Brasil, especialmente em ferrovias e hidrovias. Destaque para a importância de reformas estruturais que assegurem a sustentabilidade fiscal e a competitividade econômica do país","DEFESA, AMPLIAÇÃO, DIVERSIFICAÇÃO, INVESTIMENTO, INFRAESTRUTURA, SISTEMA DE TRANSPORTES, BRASIL, FERROVIA, HIDROVIA, DESTAQUE, IMPORTANCIA, REFORMA, ESTRUTURA, GARANTIA, SUSTENTABILIDADE, COMPETITIVIDADE, ECONOMIA, PAIS.",,Confúcio Aires Moura,Masculino,1948-05-16,TO,Dianópolis
513179,5976,Eduardo Girão,NOVO,CE,Sessão Não Deliberativa,Discurso,2025-04-28,"Prestação de contas de viagem à Itália para evento comemorativo que celebrou os 80 anos do fim da Segunda Guerra Mundial, com homenagem à atuação dos combatentes da Força Expedicionária Brasileira e crítica ao uso de recursos públicos em viagens oficiais.","PRESTAÇÃO DE CONTAS, VIAGEM, PAIS ESTRANGEIRO, ITALIA, COMEMORAÇÃO, EXTINÇÃO, SEGUNDA GUERRA MUNDIAL, HOMENAGEM, ATUAÇÃO, COMBATENTE, FORÇA EXPEDICIONARIA BRASILEIRA (FEB), CRITICA, UTILIZAÇÃO, RECURSOS PUBLICOS, MISSÃO OFICIAL.
CRITICA, ATUAÇÃO, SUPREMO TRIBUNAL FEDERAL (STF), MANIFESTAÇÃO COLETIVA, JANEIRO, CONDENAÇÃO, ATIVISMO JUDICIAL, MINISTRO, LUIS ROBERTO BARROSO.",,Luis Eduardo Grangeiro Girão,Masculino,1972-09-25,CE,Fortaleza
513176,825,Paulo Paim,PT,RS,Sessão Não Deliberativa,Discurso,2025-04-28,"Indignação com o esquema de fraudes cometidas contra aposentados e pensionistas do INSS e cobrança por punição rigorosa aos responsáveis pelos crimes. Elogios à CGU e à Polícia Federal pela investigação que identificou as fraudes e destaque para o Projeto de Lei do Senado nº 206/2015,de autoria de S. Exa., que propõe multa em dobro do valor desviado em fraudes contra aposentados e pensionistas.","INDIGNAÇÃO, ORGANIZAÇÃO CRIMINOSA, FRAUDE, PENSIONISTA, APOSENTADO, INSTITUTO NACIONAL DO SEGURO SOCIAL (INSS), COBRANÇA, PUNIÇÃO, RESPONSABILIDADE, CONDENAÇÃO CRIMINAL, ELOGIO, CONTROLADORIA-GERAL DA UNIÃO (CGU), POLICIA FEDERAL, INVESTIGAÇÃO, DESTAQUE, PROJETO DE LEI, AUTORIA, ORADOR, PROPOSTA, MULTA, PAGAMENTO EM DOBRO, VALOR, DESVIO.
VOTO DE PESAR, HOMENAGEM POSTUMA, MORTE, PAPA FRANCISCO.",,Paulo Renato Paim,Masculino,1950-03-15,RS,Caxias do Sul
513174,4770,Izalci Lucas,PL,DF,Sessão Especial,Não classificado,2025-04-28,Encerramento de Sessão Especial destinada a celebrar o 65o. aniversário de Brasília.,"ENCERRAMENTO, SESSÃO ESPECIAL, COMEMORAÇÃO, ANIVERSARIO DE FUNDAÇÃO, BRASILIA (DF), DISTRITO FEDERAL (DF).",,Izalci Lucas Ferreira,Masculino,1956-04-07,MG,Araújos
513166,6335,Damares Alves,REPUBLICANOS,DF,Sessão Especial,Discurso,2025-04-28,Sessão Especial destinada a celebrar o 65o. aniversário de Brasília.,"SESSÃO ESPECIAL, COMEMORAÇÃO, ANIVERSARIO DE FUNDAÇÃO, BRASILIA (DF), DISTRITO FEDERAL (DF).
ELOGIO, ATUAÇÃO, INSTITUIÇÃO BENEFICENTE, ASSISTENCIA SOCIAL, PROMOÇÃO, INCLUSÃO SOCIAL, PESSOA COM DEFICIENCIA, BRASILIA (DF), DISTRITO FEDERAL (DF).",,Damares Regina Alves,Feminino,1964-03-11,PR,Paranaguá
513164,5979,Leila Barros,PDT,DF,Sessão Especial,Discurso,2025-04-28,Sessão Especial destinada a celebrar o 65o. aniversário de Brasília.,"SESSÃO ESPECIAL, COMEMORAÇÃO, ANIVERSARIO DE FUNDAÇÃO, BRASILIA (DF), DISTRITO FEDERAL (DF).
IMPORTANCIA, JUSCELINO KUBITSCHEK, EX-PRESIDENTE DA REPUBLICA, LUCIO COSTA, ARQUITETO, CONSTRUÇÃO, BRASILIA (DF).
IMPORTANCIA, TRABALHO, PIONEIRO, CONSTRUÇÃO, BRASILIA (DF).
COMENTARIO, INSUFICIENCIA, ATENDIMENTO, SERVIÇO MEDICO, SAUDE PUBLICA, CARENCIA, INFRAESTRUTURA, MEDICINA, TRATAMENTO DE SAUDE, POPULAÇÃO, BRASILIA (DF).
DEFESA, POLITICA PUBLICA, MOBILIDADE URBANA, GARANTIA, MELHORIA, TRANSPORTE, SISTEMA VIARIO, REGIÃO ADMINISTRATIVA, BRASILIA (DF).",,Leila Gomes de Barros Rêgo,Feminino,1971-09-30,DF,Brasília
513163,4770,Izalci Lucas,PL,DF,Sessão Especial,Fala da Presidência,2025-04-28,Abertura de Sessão Especial destinada a celebrar o 65o. aniversário de Brasília.,"ABERTURA, SESSÃO ESPECIAL, COMEMORAÇÃO, ANIVERSARIO DE FUNDAÇÃO, BRASILIA (DF), DISTRITO FEDERAL (DF).",,Izalci Lucas Ferreira,Masculino,1956-04-07,MG,Araújos
513161,5959,Styvenson Valentim,PSDB,RN,Sessão Deliberativa Extraordinária,Discurso,2025-04-24,"Defesa da aprovação da PEC nº 37/2022, que inclui as guardas municipais e os agentes de trânsito entre os órgãos que compõem a segurança pública, com emenda de autoria de S. Exa., que ainda aguarda o número de assinaturas necessárias para garantir de forma explícita o poder de polícia desses servidores.","DEFESA, APROVAÇÃO, PROPOSTA DE EMENDA A CONSTITUIÇÃO (PEC), ALTERAÇÃO, CONSTITUIÇÃO FEDERAL, INCLUSÃO, GUARDA, MUNICIPIOS, AGENTE DE TRANSITO, AMBITO, ORGÃO, SEGURANÇA PUBLICA.",,Eann Styvenson Valentim Mendes,Masculino,1977-02-07,AC,Rio Branco
513159,6337,Cleitinho,REPUBLICANOS,MG,Sessão Deliberativa Extraordinária,Discurso,2025-04-24,"Indignação com altos salários e privilégios de autoridades dos três Poderes, especialmente do Judiciário. Apoio à proposta de aumento no número de beneficiários da tarifa social de energia elétrica.","CRITICA, SALARIO, REMUNERAÇÃO, PRIVILEGIO, MEMBROS, JUDICIARIO, MAGISTRADO, DESEMBARGADOR, AUXILIO-MORADIA.
APOIO, PROPOSTA, GOVERNO FEDERAL, PRESIDENTE DA REPUBLICA, LUIZ INACIO LULA DA SILVA, AMPLIAÇÃO, BENEFICIARIO, TARIFA SOCIAL DE ENERGIA ELETRICA.
PROPOSTA, CRIAÇÃO, COMISSÃO PARLAMENTAR MISTA DE INQUERITO (CPMI), APURAÇÃO, INVESTIGAÇÃO, FRAUDE, IRREGULARIDADE, INSTITUTO NACIONAL DO SEGURO SOCIAL (INSS), DESCONTO, ASSOCIAÇÃO CIVIL, CONSIGNAÇÃO EM FOLHA DE PAGAMENTO, PROVENTOS, APOSENTADORIA, APOSENTADO.",,Cleiton Gontijo de Azevedo,Masculino,1982-04-15,MG,Divinópolis
513157,5502,Plínio Valério,PSDB,AM,Sessão Deliberativa Extraordinária,Discurso,2025-04-24,Críticas à atuação do Instituto Chico Mendes de Conservação da Biodiversidade (ICMBio) em virtude da criação de novas áreas de proteção ambiental. Considerações sobre a suposta inversão de valores em curso no país.,"CRITICA, INSTITUTO CHICO MENDES DE CONSERVAÇÃO DA BIODIVERSIDADE (ICMBIO), AUMENTO, AREA DE PRESERVAÇÃO PERMANENTE, PARQUE NACIONAL, CRIAÇÃO, RESERVA FLORESTAL, ESTADO DO CEARA (CE), INVERSÃO, VALORES.",,Francisco Plínio Valério Tomaz,Masculino,1955-01-31,AM,Eirunepé
513155,5012,Randolfe Rodrigues,PT,AP,Sessão Deliberativa Extraordinária,Pela Liderança,2025-04-24,"Homenagem ao Papa Francisco, com destaque para seu legado humanitário, compromisso com a justiça social, promoção da paz e preservação ambiental.","VOTO DE PESAR, MORTE, PAPA FRANCISCO, IGREJA CATOLICA, ELOGIO, HOMENAGEM POSTUMA, DEFESA, MINORIA, IMIGRANTE, JUSTIÇA SOCIAL, PAZ, PRESERVAÇÃO, MEIO AMBIENTE.",,Randolph Frederich Rodrigues Alves,Masculino,1972-11-06,PE,Garanhuns
513153,5906,Dra. Eudócia,PL,AL,Sessão Deliberativa Extraordinária,Discurso,2025-04-24,"Relato dos resultados da missão oficial de S.Exa. à República Popular da China, em especial na área de inovação tecnológica em saúde.","REGISTRO, VIAGEM, EXTERIOR, PAIS ESTRANGEIRO, CHINA, AMPLIAÇÃO, COOPERAÇÃO, SAUDE, PESQUISA CIENTIFICA, VACINA, PAPILOMAVÍRUS HUMANO (HPV), PREVENÇÃO, CANCER.
CONVITE, SESSÃO DE DEBATES TEMATICOS, VACINA, PREVENÇÃO, CANCER.",,Eudocia Maria Holanda de Araujo Caldas,Feminino,1964-08-28,AL,Ibateguara
513150,4770,Izalci Lucas,PL,DF,Sessão Deliberativa Extraordinária,Discurso,2025-04-24,"Cobrança de apuração sobre os descontos irregulares nas aposentadorias dos segurados do INSS, destacando o papel da Comissão Mista da Medida Provisória nº 871/2019 na prevenção de fraudes. Insatisfação com a atual gestão das empresas estatais pelo Governo Federal.","COBRANÇA, APURAÇÃO, INVESTIGAÇÃO, FRAUDE, IRREGULARIDADE, INSTITUTO NACIONAL DO SEGURO SOCIAL (INSS), DESCONTO, ASSOCIAÇÃO CIVIL, CONSIGNAÇÃO EM FOLHA DE PAGAMENTO, PROVENTOS, APOSENTADORIA, APOSENTADO.
DESTAQUE, IMPORTANCIA, MEDIDA PROVISORIA (MPV), CRIAÇÃO, PROGRAMA ESPECIAL, ANALISE, PROGRAMA, REVISÃO, BENEFICIO PREVIDENCIARIO, SEGURIDADE SOCIAL, INSTITUTO NACIONAL DO SEGURO SOCIAL (INSS), CORRELAÇÃO, INDICIO, IRREGULARIDADE, INCAPACIDADE, BONUS, DESEMPENHO FUNCIONAL, PERICIA MEDICA.",,Izalci Lucas Ferreira,Masculino,1956-04-07,MG,Araújos
513149,5748,Veneziano Vital do Rêgo,MDB,PB,Sessão Deliberativa Extraordinária,Discurso,2025-04-24,Pesar pelo falecimento do Papa Francisco e homenagens ao legado deixado pelo pontífice.,"VOTO DE PESAR, MORTE, PAPA FRANCISCO, IGREJA CATOLICA, ELOGIO, HOMENAGEM POSTUMA, DEFESA, MINORIA.",,Veneziano Vital do Rêgo Segundo Neto,Masculino,1970-07-17,PB,Campina Grande
513148,5976,Eduardo Girão,NOVO,CE,Sessão Deliberativa Extraordinária,Discurso,2025-04-24,"Indignação com as denúncias de corrupção apresentadas contra a Confederação Brasileira de Futebol (CBF) e anúncio de requerimento apresentado por S. Exa., aguardando a assinatura dos demais pares, para a criação de uma CPI que investigue a situação. Necessidade de apurar possíveis conflitos de interesses envolvendo o Ministro do STF Gilmar Mendes e essa instituição.","DENUNCIA, CORRUPÇÃO, CONFEDERAÇÃO BRASILEIRA DE FUTEBOL (CBF), PRESIDENTE, EDNALDO RODRIGUES, APOSTA, CASA DE APOSTA ESPORTIVA, COMISSÃO PARLAMENTAR DE INQUERITO (CPI), CRITICA, MINISTRO, SUPREMO TRIBUNAL FEDERAL (STF), LUIS ROBERTO BARROSO, GILMAR MENDES, CONFLITO DE INTERESSES.",,Luis Eduardo Grangeiro Girão,Masculino,1972-09-25,CE,Fortaleza
513145,6304,Margareth Buzetti,PSD,MT,Sessão Deliberativa Ordinária,Pela ordem,2025-04-23,"Pela ordem sobre o Projeto de Lei (PL) n° 13, de 2022, que ""Dispõe sobre o transporte aéreo de animais de estimação em voos domésticos.""","PROJETO DE LEI, CRIAÇÃO, LEI FEDERAL, CRITERIOS, TRANSPORTE, Animal Doméstico, CÃO, GATO, TRANSPORTE AEREO, UTILIZAÇÃO, EQUIPAMENTOS, MONITORAMENTO, LOCALIZAÇÃO.",,Margareth Gettert Busetti,Feminino,1959-10-31,SC,Concórdia
513144,345,Flávio Arns,PSB,PR,Sessão Deliberativa Ordinária,Pela ordem,2025-04-23,"Pela ordem sobre o Projeto de Lei (PL) n° 13, de 2022, que ""Dispõe sobre o transporte aéreo de animais de estimação em voos domésticos.""","PROJETO DE LEI, CRIAÇÃO, LEI FEDERAL, CRITERIOS, TRANSPORTE, Animal Doméstico, CÃO, GATO, TRANSPORTE AEREO, UTILIZAÇÃO, EQUIPAMENTOS, MONITORAMENTO, LOCALIZAÇÃO.",,Flávio José Arns,Masculino,1950-11-09,PR,Curitiba
513143,5895,Jorge Kajuru,PSB,GO,Sessão Deliberativa Ordinária,Pela ordem,2025-04-23,"Pela ordem sobre o Projeto de Lei (PL) n° 13, de 2022, que ""Dispõe sobre o transporte aéreo de animais de estimação em voos domésticos.""","PROJETO DE LEI, CRIAÇÃO, LEI FEDERAL, CRITERIOS, TRANSPORTE, Animal Doméstico, CÃO, GATO, TRANSPORTE AEREO, UTILIZAÇÃO, EQUIPAMENTOS, MONITORAMENTO, LOCALIZAÇÃO.",,Jorge Kajuru Reis da Costa Nasser,Masculino,1961-01-20,SP,Cajuru
513142,6304,Margareth Buzetti,PSD,MT,Sessão Deliberativa Ordinária,Pela ordem,2025-04-23,"Pela ordem sobre o Projeto de Lei (PL) n° 13, de 2022, que ""Dispõe sobre o transporte aéreo de animais de estimação em voos domésticos.""","PROJETO DE LEI, CRIAÇÃO, LEI FEDERAL, CRITERIOS, TRANSPORTE, Animal Doméstico, CÃO, GATO, TRANSPORTE AEREO, UTILIZAÇÃO, EQUIPAMENTOS, MONITORAMENTO, LOCALIZAÇÃO.",,Margareth Gettert Busetti,Feminino,1959-10-31,SC,Concórdia
513137,4770,Izalci Lucas,PL,DF,Sessão Deliberativa Ordinária,Discurso,2025-04-23,"Expectativa pela aprovação da PEC nº 12/2022, que veda a reeleição para o Poder Executivo, define os mandatos em cinco anos e unifica o período das eleições no país.","APOIO, PROPOSTA DE EMENDA A CONSTITUIÇÃO (PEC), EXTINÇÃO, REELEIÇÃO, CARGO, EXECUTIVO, AUMENTO, PERIODO, MANDATO ELETIVO.
DEFESA, NECESSIDADE, AMPLIAÇÃO, INVESTIMENTO, ORÇAMENTO, EDUCAÇÃO.",,Izalci Lucas Ferreira,Masculino,1956-04-07,MG,Araújos
513136,5783,Zenaide Maia,PSD,RN,Sessão Deliberativa Ordinária,Discurso,2025-04-23,"Defesa da PEC nº 79/2019, da qual S. Exa. é a primeira signatária, que estabelece limite às taxas de juros cobradas pelas instituições financeiras em operações de crédito, com apelo, à Presidência da CCJ, para a tramitação da matéria.   .","DEFESA, PROPOSTA DE EMENDA A CONSTITUIÇÃO (PEC), ESTABELECIMENTO, LIMITAÇÃO, TAXA DE COBRANÇA, JUROS, INSTITUIÇÃO FINANCEIRA, OPERAÇÃO FINANCEIRA, SOLICITAÇÃO, PRESIDENCIA, Comissão de Constituição, Justiça e Cidadania (CCJ), TRAMITAÇÃO, MATERIA.",,Zenaide Maia Calado Pereira dos Santos,Feminino,1954-11-27,PB,Brejo do Cruz
513135,6331,Sergio Moro,UNIÃO,PR,Sessão Deliberativa Ordinária,Discurso,2025-04-23,"Críticas às restrições aos direitos eleitorais daqueles que ocuparam os cargos de policial, juiz, promotor e militar e à redução do prazo de inelegibilidade para os condenados criminalmente, constantes do Projeto de Lei Complementar nº 112/2021, que dispõe sobre as normas eleitorais e as normas processuais eleitorais brasileiras, com destaque para a audiência pública sobre o tema a ocorrer na CCJ.","CRITICA, RESTRIÇÃO, DIREITOS POLITICOS, CARGO, POLICIAL, JUIZ, PROMOTOR, MILITAR, REDUÇÃO, PERIODO, INELEGIBILIDADE, PESSOA FISICA, CONDENAÇÃO CRIMINAL, PROJETO DE LEI, NORMA JURIDICA, CODIGO ELEITORAL, PROCESSO ELEITORAL, DESTAQUE, AUDIENCIA, Comissão de Constituição, Justiça e Cidadania (CCJ).",,Sergio Fernando Moro,Masculino,1972-08-01,PR,Maringá
513134,5926,Lucas Barreto,PSD,AP,Sessão Deliberativa Ordinária,Discurso,2025-04-23,"Insatisfação com a proposta do ICMBio de estabelecer quatro reservas extrativistas marinhas no litoral amapaense, bem como preocupação com as possíveis repercussões econômicas para o desenvolvimento regional. Apelo por compensações financeiras, ao Estado do Amapá, em função de delimitação das áreas do Parque Nacional Montanhas do Tumucumaque","CRITICA, PROPOSTA, INSTITUTO CHICO MENDES DE CONSERVAÇÃO DA BIODIVERSIDADE (ICMBIO), ESTABELECIMENTO, RESERVA EXTRATIVISTA, MAR, LITORAL, ESTADO DO AMAPA (AP), PREOCUPAÇÃO, DESDOBRAMENTO, ECONOMIA, DESENVOLVIMENTO REGIONAL, SOLICITAÇÃO, COMPENSAÇÃO FINANCEIRA, DEMARCAÇÃO, AREA, PARQUE NACIONAL MONTANHAS DO TUMUCUMAQUE.",,Luiz Cantuária Barreto,Masculino,1964-11-10,NA,NA
513133,6337,Cleitinho,REPUBLICANOS,MG,Sessão Deliberativa Ordinária,Discurso,2025-04-23,"Manifestação de apoio à PEC nº 12/2022, que propõe a inelegibilidade dos chefes do Poder Executivo para reeleição no período subsequente e fixa seus mandatos em cinco anos.","APOIO, PROPOSTA DE EMENDA A CONSTITUIÇÃO (PEC), EXTINÇÃO, REELEIÇÃO, CARGO, EXECUTIVO, AUMENTO, PERIODO, MANDATO ELETIVO.
CRITICA, SUPREMO TRIBUNAL FEDERAL (STF), TRATAMENTO, DIFERENÇA, AGENTE POLITICO.
DEFESA, ISENÇÃO, VALOR, ENERGIA ELETRICA, POPULAÇÃO CARENTE, PROPOSTA, FINANCIAMENTO, ORIGEM, REDUÇÃO, RECURSOS, FUNDO PARTIDARIO.",,Cleiton Gontijo de Azevedo,Masculino,1982-04-15,MG,Divinópolis
513132,5895,Jorge Kajuru,PSB,GO,Sessão Deliberativa Ordinária,Discurso,2025-04-23,"Descontentamento com a aparente ausência de menção, durante reunião na CCJ, do nome de S. Exa. como o primeiro signatário da PEC nº 12/2022, que extingue a reeleição para cargos do Poder Executivo e amplia o mandato para cinco anos, a partir de 2030.","CRITICA, AUSENCIA, NOME, ORADOR, SIGNATARIO, PROPOSTA DE EMENDA A CONSTITUIÇÃO (PEC), PROPOSTA, EXTINÇÃO, REELEIÇÃO, CARGO, EXECUTIVO, AMPLIAÇÃO, PERIODO, MANDATO ELETIVO.",,Jorge Kajuru Reis da Costa Nasser,Masculino,1961-01-20,SP,Cajuru
513130,22,Esperidião Amin,PP,SC,Sessão Deliberativa Ordinária,Discurso,2025-04-23,"Necessidade de superação dos entraves às melhorias no trecho da BR-101, na região norte do Estado de Santa Catarina, com destaque para audiências no Ministério dos Transportes acerca da otimização do contrato de concessão e das condições dos túneis no trajeto.","NECESSIDADE, RESOLUÇÃO, OBSTACULO, MELHORIA, TRECHO, RODOVIA, REGIÃO NORTE, ESTADO DE SANTA CATARINA (SC), DESTAQUE, AUDIENCIA, MINISTERIO DOS TRANSPORTES (MTR), EFICIENCIA, CONTRATO, CONCESSÃO, TUNEL.
REGISTRO, AUDIENCIA PUBLICA, COMISSÃO DE RELAÇÕES EXTERIORES (CRE), ECONOMIA CIRCULAR, MATERIAL PLASTICO.
DEFESA, EMENDA, AUTORIA, ORADOR, CODIGO ELEITORAL, ESTABELECIMENTO, FISCALIZAÇÃO, CONTABILIDADE, VOTO, ELEITOR.",,Esperidião Amin Helou Filho,Masculino,1947-12-21,SC,Florianópolis
513129,5502,Plínio Valério,PSDB,AM,Sessão Deliberativa Ordinária,Discurso,2025-04-23,"Esclarecimentos sobre o Projeto de Lei nº 5066/2020, de autoria de S.Exa., que aprimora os elementos de estímulo a pesquisa, desenvolvimento e inovação no setor petroquímico, bem como defesa de uma distribuição regional mais equitativa dos recursos advindos do setor.","DISCURSO, PROJETO DE LEI, AUTORIA, ORADOR, MELHORIA, ELEMENTO, INCENTIVO, PESQUISA, DESENVOLVIMENTO, INOVAÇÃO, SETOR, PETROLEO, HIDROCARBONETO, DEFESA, DISTRIBUIÇÃO, AMBITO REGIONAL, EQUIDADE.",,Francisco Plínio Valério Tomaz,Masculino,1955-01-31,AM,Eirunepé
513128,5008,Humberto Costa,PT,PE,Sessão Deliberativa Ordinária,Discurso,2025-04-23,"Apresentação de dados da Fundação Getúlio Vargas que indicam a redução da desigualdade social no Brasil em 2024, com o crescimento da renda da população de menor poder aquisitivo.","APRESENTAÇÃO, DADOS, FUNDAÇÃO GETULIO VARGAS (FGV), REDUÇÃO, DESIGUALDADE SOCIAL, ANO CIVIL, CRESCIMENTO ECONOMICO, RENDA, POPULAÇÃO CARENTE.",,Humberto Sérgio Costa Lima,Masculino,1957-07-07,SP,Campinas
513127,5976,Eduardo Girão,NOVO,CE,Sessão Deliberativa Ordinária,Discurso,2025-04-23,"Críticas ao Governo Lula pela concessão de asilo diplomático à Sra. Nadine Heredia, ex-Primeira-Dama do Peru, condenada por corrupção e lavagem de dinheiro naquele país.","CRITICA, GOVERNO FEDERAL, PRESIDENTE DA REPUBLICA, LUIZ INACIO LULA DA SILVA, CONCESSÃO, ASILO POLITICO, EX-PRIMEIRA-DAMA, PAIS ESTRANGEIRO, PERU, CONDENAÇÃO, CORRUPÇÃO, LAVAGEM DE DINHEIRO.
SOLICITAÇÃO, MOBILIZAÇÃO, MANIFESTAÇÃO COLETIVA, DIREITO DE REUNIÃO, POVO, CENSURA, ABUSO DE PODER, SUPREMO TRIBUNAL FEDERAL (STF), MINISTRO, ALEXANDRE DE MORAES.",,Luis Eduardo Grangeiro Girão,Masculino,1972-09-25,CE,Fortaleza
513124,5352,Rogério Carvalho,PT,SE,Sessão Deliberativa Ordinária,Pela Liderança,2025-04-22,"Lamento pelo falecimento de S.S., o Papa Francisco, com destaque para o legado de solidariedade e amor ao próximo deixado pelo pontífice.","HOMENAGEM POSTUMA, MORTE, PAPA FRANCISCO, IGREJA CATOLICA.",,Rogério Carvalho Santos,Masculino,1968-08-02,SE,Aracaju
513121,6304,Margareth Buzetti,PSD,MT,Sessão Deliberativa Ordinária,Pela ordem,2025-04-22,"Críticas ao STF por apreensão de celulares durante julgamento e apelo por reação institucional do Senado Federal, com abertura dos pedidos de impeachment.","CRITICA, SUPREMO TRIBUNAL FEDERAL (STF), APREENSÃO, TELEFONE CELULAR, ADVOGADO, JULGAMENTO, FILIPE MARTINS, OFENSA, LIBERDADE DE IMPRENSA, DEMOCRACIA, ACUSAÇÃO, JUDICIARIO, DITADURA, COBRANÇA, SENADO, ORDEM DOS ADVOGADOS DO BRASIL (OAB), ASSOCIAÇÃO BRASILEIRA DE IMPRENSA (ABI), SOLICITAÇÃO, DEFESA, CONSTITUIÇÃO FEDERAL, COMENTARIO, IMPEACHMENT, MINISTRO.",,Margareth Gettert Busetti,Feminino,1959-10-31,SC,Concórdia
513119,5936,Carlos Portinho,PL,RJ,Sessão Deliberativa Ordinária,Discurso,2025-04-22,"Lamento pelo falecimento de S. S., o Papa Francisco, e registro das celebrações com a cruz da primeira missa realizada no Brasil, cuja exibição no Congresso Nacional é defendida por S. Exa.","HOMENAGEM POSTUMA, MORTE, PAPA FRANCISCO, IGREJA CATOLICA.
CRITICA, SUPREMO TRIBUNAL FEDERAL (STF), APREENSÃO, TELEFONE CELULAR, ADVOGADO, JULGAMENTO, FILIPE MARTINS, OFENSA, LIBERDADE DE IMPRENSA, DEMOCRACIA, ACUSAÇÃO, JUDICIARIO, DITADURA, COBRANÇA, SENADO, ORDEM DOS ADVOGADOS DO BRASIL (OAB), ASSOCIAÇÃO BRASILEIRA DE IMPRENSA (ABI), SOLICITAÇÃO, DEFESA, CONSTITUIÇÃO FEDERAL, COMENTARIO, IMPEACHMENT, MINISTRO.",,Carlos Francisco Portinho,Masculino,1973-07-02,RJ,Rio de Janeiro
513116,5924,Oriovisto Guimarães,PSDB,PR,Sessão Deliberativa Ordinária,Discurso,2025-04-22,"Comentários sobre a matéria intitulada “Brazil’s Supreme Court is on trial”, publicada na revista The Economist, que analisa a situação política dos três Poderes no País nos últimos 20 anos, com destaque para a influência do Judiciário.","COMENTARIO, ARTIGO DE IMPRENSA, JORNAL, THE ECONOMIST, SITUAÇÃO, NATUREZA POLITICA, PODERES CONSTITUCIONAIS, BRASIL, ENFASE, SUPREMO TRIBUNAL FEDERAL (STF), ABUSO DE PODER, DECISÃO MONOCRATICA, MINISTRO, ALEXANDRE DE MORAES, GILMAR MENDES, DIAS TOFFOLI, REPUDIO, OMISSÃO, CONGRESSO NACIONAL.",,Oriovisto Guimaraes,Masculino,1945-08-12,SP,Batatais
513114,4639,Beto Faro,PT,PA,Sessão Deliberativa Ordinária,Discurso,2025-04-22,"Tributo ao legado de S. S. Papa Francisco, líder espiritual comprometido com a justiça social, a paz, a ecologia e a dignidade humana.","HOMENAGEM POSTUMA, MORTE, PAPA FRANCISCO, IGREJA CATOLICA.",,José Roberto Oliveira Faro,Masculino,1969-06-20,PA,Bujaru
513113,5008,Humberto Costa,PT,PE,Sessão Deliberativa Ordinária,Discurso,2025-04-22,"Homenagem póstuma a Sua Santidade, o Papa Francisco, falecido em 21 de abril de 2025, destacando sua dedicação à defesa da justiça social, à preservação do meio ambiente e à promoção da paz.","HOMENAGEM POSTUMA, MORTE, PAPA FRANCISCO, IGREJA CATOLICA.",,Humberto Sérgio Costa Lima,Masculino,1957-07-07,SP,Campinas
513110,5502,Plínio Valério,PSDB,AM,Sessão Deliberativa Ordinária,Discurso,2025-04-22,"Manifestação contrária à criação de reservas extrativistas (Resex) pelo Instituto Chico Mendes de Conservação da Biodiversidade (ICMBio), no Estado do Amazonas, por supostamente dificultar a liberdade e o sustento da população local.","CRITICA, SUPREMO TRIBUNAL FEDERAL (STF), INSTITUTO CHICO MENDES DE CONSERVAÇÃO DA BIODIVERSIDADE (ICMBIO), DIFICULDADE, POPULAÇÃO, REGIÃO AMAZONICA, DENUNCIA, CRIAÇÃO, UNIDADE DE CONSERVAÇÃO (UC), RESERVA EXTRATIVISTA, PREJUIZO, EXTRATIVISMO, PEQUENO PRODUTOR RURAL, COMUNIDADE INDIGENA, ACUSAÇÃO, GOVERNO FEDERAL, ORGANIZAÇÃO NÃO-GOVERNAMENTAL (ONG), DESENVOLVIMENTO REGIONAL, PRESERVAÇÃO, MEIO AMBIENTE.",,Francisco Plínio Valério Tomaz,Masculino,1955-01-31,AM,Eirunepé
513108,4531,Jayme Campos,UNIÃO,MT,Sessão Deliberativa Ordinária,Pela ordem,2025-04-22,"Pela ordem sobre o Projeto de Lei (PL) n° 458, de 2024, que ""Concede prioridade aos profissionais de segurança pública para recebimento da restituição do Imposto sobre a Renda da Pessoa Física.""","REGISTRO, APROVAÇÃO, Comissão de Segurança Pública (CSP), PROJETO DE LEI, ALTERAÇÃO, LEI FEDERAL, TRIBUTOS, PREFERENCIA, RESTITUIÇÃO, VALORES, IMPOSTO DE RENDA, HIPOTESE, CONTRIBUINTE, ATIVIDADE PROFISSIONAL, SEGURANÇA PUBLICA.",,Jayme Veríssimo de Campos,Masculino,1951-09-13,NA,NA
513106,5926,Lucas Barreto,PSD,AP,Sessão Deliberativa Ordinária,Discurso,2025-04-22,"Críticas à proposta do Instituto Chico Mendes de Conservação da Biodiversidade (ICMBio) que abre consulta pública com o objetivo de criar mais quatro reservas extrativistas marinhas na costa do Estado do Amapá, limitando as atividades produtivas na região.","CRITICA, PROPOSTA, INSTITUTO CHICO MENDES DE CONSERVAÇÃO DA BIODIVERSIDADE (ICMBIO), CONSULTA PUBLICA, CRIAÇÃO, RESERVA EXTRATIVISTA, ZONA COSTEIRA, ESTADO DO AMAPA (AP), LIMITAÇÃO, DESENVOLVIMENTO ECONOMICO, REPUDIO, ATUAÇÃO, ORGANIZAÇÃO NÃO-GOVERNAMENTAL (ONG), UNIVERSIDADE DE SÃO PAULO (USP), ORGÃOS, GOVERNO FEDERAL, REGIÃO AMAZONICA, DESRESPEITO, COMUNIDADE RIBEIRINHA, COMUNIDADE INDIGENA, DEFESA, EXPLORAÇÃO, PETROLEO, MARGEM EQUATORIAL, PROGRESSO, QUESTIONAMENTO, FAVORECIMENTO, ESTADO DO PARA (PA).",,Luiz Cantuária Barreto,Masculino,1964-11-10,NA,NA
513105,285,Marcio Bittar,UNIÃO,AC,Sessão Deliberativa Ordinária,Discurso,2025-04-22,"Insatisfação com cobranças ambientais feitas ao Brasil em publicação de artigo na revista Science, e críticas à atuação supostamente enviesada de ONGs ambientais na região amazônica. Defesa da exploração de petróleo na Margem Equatorial.","CRITICA, ATUAÇÃO, ORGANIZAÇÃO NÃO-GOVERNAMENTAL (ONG), CIENTISTA, PAIS ESTRANGEIRO, GOVERNO FEDERAL, ENFASE, MINISTRO DE ESTADO, MINISTERIO DO MEIO AMBIENTE E MUDANÇA DO CLIMA, MARINA SILVA, DEFESA, UTILIZAÇÃO, RECURSOS NATURAIS, EXPLORAÇÃO, PETROLEO, MARGEM EQUATORIAL, PAVIMENTAÇÃO, RODOVIA, MANAUS (AM), PORTO VELHO (RO), REJEIÇÃO, ESTUDO, DESMATAMENTO, REGISTRO, PRESERVAÇÃO, FLORESTA AMAZONICA.",,Marcio Miguel Bittar,Masculino,1963-06-28,SP,Franca
513104,6341,Hamilton Mourão,REPUBLICANOS,RS,Sessão Deliberativa Ordinária,Discurso,2025-04-22,"Censura à suposta desorganização institucional no Brasil, evidenciada pela incapacidade do Governo em enfrentar a crise fiscal e pelo crescimento da violência.","REGISTRO, CONTEXTO, ORGANIZAÇÃO INSTITUCIONAL, CRISE, NATUREZA ECONOMICA, INFLAÇÃO, AUSENCIA, CONTROLE, NATUREZA FISCAL, CARGA TRIBUTARIA, AUMENTO, VIOLENCIA, CRESCIMENTO, CRIME ORGANIZADO, CORRUPÇÃO, NOTICIA FALSA, DISCURSO DE ODIO.
HOMENAGEM, FORÇAS ARMADAS, MEDIAÇÃO, CONFLITO, MANUTENÇÃO, SOBERANIA NACIONAL, COMEMORAÇÃO, ANIVERSARIO DE FUNDAÇÃO, EXERCITO.",,Antonio Hamilton Martins Mourão,Masculino,1953-08-15,RS,Porto Alegre
513103,6331,Sergio Moro,UNIÃO,PR,Sessão Deliberativa Ordinária,Discurso,2025-04-22,"Críticas à concessão de asilo diplomático à Sra. Nadine Heredia, ex-Primeira Dama do Peru, condenada por corrupção e lavagem de dinheiro. Breve histórico do combate à corrupção no Brasil, destacando a Operação Lava Jato.","CRITICA, ASILO POLITICO, GOVERNO FEDERAL, EX-PRIMEIRA-DAMA, PERU, CONDENAÇÃO CRIMINAL, CORRUPÇÃO, LAVAGEM DE DINHEIRO, REPUDIO, ATUAÇÃO, FORÇA AEREA BRASILEIRA (FAB), QUEIXA, ANULAÇÃO, CONDENAÇÃO JUDICIAL, OPERAÇÃO LAVA JATO, ODEBRECHT S/A, CONVITE, MINISTRO DE ESTADO, ITAMARATI (MRE), MAURO VIEIRA.",,Sergio Fernando Moro,Masculino,1972-08-01,PR,Maringá
513102,6338,Teresa Leitão,PT,PE,Sessão Deliberativa Ordinária,Discurso,2025-04-22,Pesar pelo falecimento de S. S. Papa Francisco.,"HOMENAGEM POSTUMA, MORTE, PAPA FRANCISCO, IGREJA CATOLICA.
DISCURSO, DEFESA, APROVAÇÃO, PROPOSTA DE EMENDA A CONSTITUIÇÃO (PEC), ALTERAÇÃO, CONSTITUIÇÃO FEDERAL, TRABALHO, EMPREGO, DIREITOS SOCIAIS, TRABALHADOR, REDUÇÃO, DURAÇÃO, JORNADA DE TRABALHO, HORARIO DE TRABALHO.",,Maria Teresa Leitão de Melo,Feminino,1951-10-07,PE,Recife
513101,22,Esperidião Amin,PP,SC,Sessão Deliberativa Ordinária,Discurso,2025-04-22,"Considerações sobre a convocação pela CRE do Ministro das Relações Exteriores, Senhor Mauro Luiz Iecker Vieira, para que compareça à comissão a fim de prestar esclarecimentos sobre a concessão de asilo diplomático à senhora Nadine Heredia Alarcón, ex-Primeira-Dama do Peru condenada por lavagem de dinheiro.","DISCURSO, REQUERIMENTO, Comissão de Relações Exteriores e Defesa Nacional (CRE), CONVOCAÇÃO, MINISTRO DE ESTADO, ITAMARATI (MRE), INFORMAÇÕES, CONCESSÃO, ASILO POLITICO, EX-PRIMEIRA-DAMA, PAIS ESTRANGEIRO, PERU, CONDENAÇÃO, CRIME, LAVAGEM DE DINHEIRO, CRITICA, GOVERNO FEDERAL.
CRITICA, NOTA OFICIAL, PRESIDENTE, MINISTRO, LUIS ROBERTO BARROSO, SUPREMO TRIBUNAL FEDERAL (STF), RESPOSTA, ARTIGO DE IMPRENSA, LONDRES.",,Esperidião Amin Helou Filho,Masculino,1947-12-21,SC,Florianópolis
513099,5976,Eduardo Girão,NOVO,CE,Sessão Deliberativa Ordinária,Discurso,2025-04-22,"Críticas ao Supremo Tribunal Federal e aos seus Ministros por supostos abusos de poder, perseguições políticas e ativismo judicial, com apelo à transparência e à justiça.","CRITICA, MINISTRO, SUPREMO TRIBUNAL FEDERAL (STF), ABUSO DE PODER, ATIVISMO JUDICIAL, REPUDIO, PERSEGUIÇÃO, NATUREZA POLITICA, COMENTARIO, AUSENCIA, IMPARCIALIDADE, LUIS ROBERTO BARROSO, ATUAÇÃO, POLITICA PARTIDARIA, ANUNCIO, AUDIENCIA PUBLICA, ASSESSOR, ALEXANDRE DE MORAES.
CRITICA, GOVERNO FEDERAL, ASILO POLITICO, EX-PRIMEIRA-DAMA, PAIS ESTRANGEIRO, PERU, CONDENAÇÃO CRIMINAL, LAVAGEM DE DINHEIRO.",,Luis Eduardo Grangeiro Girão,Masculino,1972-09-25,CE,Fortaleza
513098,5895,Jorge Kajuru,PSB,GO,Sessão Deliberativa Ordinária,Discurso,2025-04-22,Manifestação de pesar pelo falecimento de S. S. Papa Francisco e breve histórico de seu legado.,"HOMENAGEM POSTUMA, MORTE, PAPA FRANCISCO, IGREJA CATOLICA, REGISTRO HISTORICO, LEGADO.",,Jorge Kajuru Reis da Costa Nasser,Masculino,1961-01-20,SP,Cajuru
513093,6337,Cleitinho,REPUBLICANOS,MG,Sessão Deliberativa Extraordinária,Discurso,2025-04-10,"Cumprimentos aos membros da CCJ da Câmara dos Deputados pela aprovação da PEC nº.72/2023, cujo primeiro signatário é S. Exa., que prevê a isenção do pagamento do IPVA para os veículos terrestres com 20 anos ou mais de fabricação. Posicionamento favorável à transparência no uso de recursos públicos, especialmente no que diz respeito a viagens institucionais. Defesa da anistia para os condenados pelos atos do dia 8 de janeiro de 2023.","AGRADECIMENTO, SENADOR, MEMBROS, Comissão de Constituição, Justiça e Cidadania (CCJ), SENADO, APROVAÇÃO, PROPOSTA DE EMENDA A CONSTITUIÇÃO (PEC), AUTORIA, ORADOR, ISENÇÃO FISCAL, IMPOSTO SOBRE A PROPRIEDADE DE VEICULOS AUTOMOTORES (IPVA), ESTADO DE MINAS GERAIS (MG), ESTADO DO TOCANTINS (TO), ESTADO DE PERNAMBUCO (PE), ESTADO DE SANTA CATARINA (SC).
CRITICA, SIGILO, IMPOSIÇÃO, RELAÇÃO, PASSAGEIRO, FORÇA AEREA BRASILEIRA (FAB), UTILIZAÇÃO, AUTORIDADE, DEFESA, TRANSPARENCIA, TRANSPORTE OFICIAL.
DEFESA, ANISTIA, MANIFESTANTE, DEPREDAÇÃO, JANEIRO, CRITICA, INJUSTIÇA, CONDENAÇÃO JUDICIAL, TRABALHADOR, SIMULTANEIDADE, FACILITAÇÃO, LIBERAÇÃO, CRIMINOSO.
COMENTARIO, APOIO, MEDIDAS ADMINISTRATIVAS, ISENÇÃO FISCAL, LUIZ INACIO LULA DA SILVA, PRESIDENTE DA REPUBLICA, CONDICIONAMENTO, COMPENSAÇÃO, PERDA, ARRECADAÇÃO, RECURSOS, PROCEDENCIA, PODERES CONSTITUCIONAIS.",,Cleiton Gontijo de Azevedo,Masculino,1982-04-15,MG,Divinópolis
513091,6335,Damares Alves,REPUBLICANOS,DF,Sessão Deliberativa Extraordinária,Discurso,2025-04-10,"Registro da participação do Ministro da Justiça e Segurança Pública, Sr. Ricardo Lewandowski, em audiência pública realizada pela CSP para debater propostas nessa área. Destaque para as proposições legislativas aprovadas pelo Senado Federal na área da segurança pública. Manifestação favorável à instalação de CPI para investigar as facções criminosas. Considerações sobre a violência contra a mulher no país e as ações tomadas durante o Governo Bolsonaro para diminuir esses crimes.","COMENTARIO, ATUAÇÃO, Comissão de Segurança Pública (CSP), COMISSÃO DE DIREITOS HUMANOS (CDH), SENADO, AUMENTO, PENALIDADE, CRIME, FURTO, ROUBO, RECEPTAÇÃO, PROPOSTA, TRANSFORMAÇÃO, QUALIFICAÇÃO, CORRUPÇÃO ATIVA, CORRUPÇÃO PASSIVA, CRIME HEDIONDO.
EXPECTATIVA, CRIAÇÃO, COMISSÃO PARLAMENTAR DE INQUERITO (CPI), SENADO, INVESTIGAÇÃO, GRUPO, ORGANIZAÇÃO CRIMINOSA.
INDIGNAÇÃO, AUMENTO, FEMINICIDIO, AGRESSÃO, VIOLENCIA, MULHER.
ELOGIO, ATUAÇÃO, JAIR MESSIAS BOLSONARO, EX-PRESIDENTE DA REPUBLICA, ORGANIZAÇÃO, OPERAÇÃO, POLICIA, COMBATE, VIOLENCIA, MULHER, FEMINICIDIO, PROMOÇÃO, PRISÃO, AGRESSOR.",,Damares Regina Alves,Feminino,1964-03-11,PR,Paranaguá
513090,5976,Eduardo Girão,NOVO,CE,Sessão Deliberativa Extraordinária,Discurso,2025-04-10,"Cobrança de apuração de fatos veiculados em reportagem da revista Piauí, envolvendo a Confederação Brasileira de Futebol (CBF) e seu atual presidente, Sr. Ednaldo Rodrigues, com denúncia contra eventual conflito de interesse em contrato assinado entre a entidade e o Instituto Brasileiro de Ensino, Desenvolvimento e Pesquisa (IDP), em tese ligado ao Ministro do STF Gilmar Mendes.","COMENTARIO, ARTIGO DE IMPRENSA, PERIODICO, CONCESSÃO, LIMINAR, MINISTRO, SUPREMO TRIBUNAL FEDERAL (STF), GILMAR MENDES, ANULAÇÃO, DECISÃO JUDICIAL, TRIBUNAL DE JUSTIÇA, ESTADO DO RIO DE JANEIRO (RJ), AFASTAMENTO, EDNALDO RODRIGUES, PRESIDENTE, CONFEDERAÇÃO BRASILEIRA DE FUTEBOL (CBF).
COMENTARIO, SUSPEIÇÃO, FAVORECIMENTO, UNIVERSIDADE PARTICULAR, DIREÇÃO, FILHO, GILMAR MENDES, MINISTRO, SUPREMO TRIBUNAL FEDERAL (STF), RESULTADO, PARCERIA, EDNALDO RODRIGUES, PRESIDENTE, CONFEDERAÇÃO BRASILEIRA DE FUTEBOL (CBF), CARACTERIZAÇÃO, INCOMPATIBILIDADE, INTERESSE.
CRITICA, EXCESSO, SALARIO, DIRIGENTE, ARBITRARIEDADE, VIGILANCIA, FUNCIONARIO EFETIVO, CONFEDERAÇÃO BRASILEIRA DE FUTEBOL (CBF).
CRITICA, PATROCINIO, CASA DE APOSTA ESPORTIVA, CAMPEONATO NACIONAL, FUTEBOL, PROMOÇÃO, ENDIVIDAMENTO, POPULAÇÃO.",,Luis Eduardo Grangeiro Girão,Masculino,1972-09-25,CE,Fortaleza
513089,5502,Plínio Valério,PSDB,AM,Sessão Deliberativa Extraordinária,Discurso,2025-04-10,"Esclarecimentos quanto ao Projeto de Lei nº. 5066/2020, de autoria de S. Exa., que cria novas diretrizes para incentivar a pesquisa e a adoção de novas tecnologias na exploração e produção de petróleo, gás natural e outros hidrocarbonetos fluidos, e defesa do dispositivo do projeto que garante a cada uma das regiões do Brasil a destinação de um percentual mínimo dos recursos para pesquisa nessa área.","DEFESA, PROJETO DE LEI, AUTORIA, ORADOR, UTILIZAÇÃO, RECURSOS, SETOR, PESQUISA, DESENVOLVIMENTO, PETROLEO, GAS, DESTINAÇÃO, REGIÃO NORTE, REGIÃO NORDESTE, REGIÃO CENTRO OESTE, OBJETIVO, GARANTIA, INVESTIMENTO, PESQUISA CIENTIFICA E TECNOLOGICA, ESTADO DO AMAZONAS (AM), ESTADO DE RORAIMA (RR), ESTADO DE RONDONIA (RO), ESTADO DO CEARA (CE), IMPORTANCIA, EVOLUÇÃO, UNIVERSIDADE, INTERIOR, ESPECIFICAÇÃO, UNIVERSIDADE DO AMAZONAS (UAM), CONTRIBUIÇÃO, CONHECIMENTO, INOVAÇÃO.
CRITICA, CONCENTRAÇÃO, RECURSOS, PESQUISA CIENTIFICA E TECNOLOGICA, SETOR, PETROLEO, GAS, ESTADO DO RIO DE JANEIRO (RJ).",,Francisco Plínio Valério Tomaz,Masculino,1955-01-31,AM,Eirunepé
513088,475,Confúcio Moura,MDB,RO,Sessão Deliberativa Extraordinária,Discurso,2025-04-10,"Registro da visita de S. Exa. ao encontro de mobilização indígena, 21º Acampamento Terra Livre 2025. Destaque para reclamações recebidas quanto às condições precárias das instalações de educação indígena, especialmente no Estado de Rondônia. Comentários sobre ações voltadas aos povos indígenas enquanto S. Exa. governava o Estado de Rondônia. Manifestação a favor da utilização das emendas parlamentares em benefício da população ribeirinha e indígena. Homenagem às lideranças indígenas Neidinha Suruí, Txai Suruí e Almir Suruí pela defesa das grandes áreas de reservas.","REGISTRO, VISITA, ORADOR, ENCONTRO, GRUPO INDIGENA, BRASILIA (DF), DISTRITO FEDERAL (DF), PROCEDENCIA, ESTADO DE RONDONIA (RO).
COMENTARIO, PRECARIEDADE, SITUAÇÃO, ESCOLA, TRIBO, INDIO, GUAJARA-MIRIM (RO), AUSENCIA, PROFESSOR, INFRAESTRUTURA, EDUCAÇÃO.
COMENTARIO, ATUAÇÃO, ORADOR, GOVERNO, ESTADO DE RONDONIA (RO), REALIZAÇÃO, CONCURSO PUBLICO, ADMISSÃO, PROFESSOR, INDIO.
COMENTARIO, IMPLANTAÇÃO, ORADOR, COORDENAÇÃO, PARTICIPAÇÃO, INDIO, SECRETARIA DE ESTADO, ESTADO DE RONDONIA (RO), EDUCAÇÃO, SAUDE, MEIO AMBIENTE.
COMENTARIO, EMENDA PARLAMENTAR, AUTORIA, ORADOR, DESTINAÇÃO, RECURSOS, IMPLEMENTAÇÃO, INTERNET, TRIBO, INDIO.
ARTICULAÇÃO, NATUREZA POLITICA, ORADOR, APOIO, AGRICULTURA, INDIO, PROVIMENTO, SEMENTE, ADUBO, EQUIPAMENTO AGRICOLA, DESTINAÇÃO, COMUNIDADE INDIGENA, AQUISIÇÃO, EMBARCAÇÃO, TRANSPORTE, CENTRO DE SAUDE, REDUÇÃO, DIFICULDADE, ACESSO, SERVIÇOS PUBLICOS.
COMENTARIO, ATUAÇÃO, Agência Brasileira de Apoio à Gestão do SUS (AGSUS), PRESTAÇÃO DE SERVIÇO, SERVIÇO DE SAUDE, COMUNIDADE INDIGENA, SAUDAÇÃO, ALEXANDRE PADILHA, MINISTRO DE ESTADO, MINISTERIO DA SAUDE (MS), WELLINGTON DIAS, MINISTERIO DO DESENVOLVIMENTO E ASSISTENCIA SOCIAL, FAMILIA E COMBATE A FOME, DEFESA, DIREITOS, INDIO.
RECONHECIMENTO, IMPORTANCIA, TRABALHO, LIDERANÇA, COMUNIDADE INDIGENA, ESTADO DE RONDONIA (RO).",,Confúcio Aires Moura,Masculino,1948-05-16,TO,Dianópolis
513422,5976,Eduardo Girão,NOVO,CE,Sessão Solene,Não classificado,2025-04-09,Encerramento de Sessão Solene destinada a homenagear o centenário de nascimento do empresário Edson Queiroz.,"ENCERRAMENTO, SESSÃO SOLENE, COMEMORAÇÃO, CENTENARIO, ANIVERSARIO, EMPRESARIO, EDSON QUEIROZ.",,Luis Eduardo Grangeiro Girão,Masculino,1972-09-25,CE,Fortaleza
513419,5976,Eduardo Girão,NOVO,CE,Sessão Solene,Não classificado,2025-04-09,"Sessão Solene destinada a homenagear o centenário de nascimento do empresário Edson Queiroz. Convite a todos para que conheçam a Casa da Liberdade, sede da Frente Parlamentar do Livre Mercado (FPLM).","SESSÃO SOLENE, COMEMORAÇÃO, CENTENARIO, ANIVERSARIO, EMPRESARIO, EDSON QUEIROZ.
CONVITE, VISITA, SEDE, FRENTE PARLAMENTAR, LIVRE CONCORRENCIA, EMPREENDEDORISMO.",,Luis Eduardo Grangeiro Girão,Masculino,1972-09-25,CE,Fortaleza
513410,5973,Cid Gomes,PSB,CE,Sessão Solene,Discurso,2025-04-09,Sessão Solene destinada a homenagear o centenário de nascimento do empresário Edson Queiroz.,"SESSÃO SOLENE, COMEMORAÇÃO, ANIVERSARIO, CENTENARIO, EMPRESARIO, EDSON QUEIROZ.",,Cid Ferreira Gomes,Masculino,1963-04-27,CE,Sobral
513409,5976,Eduardo Girão,NOVO,CE,Sessão Solene,Discurso,2025-04-09,"Sessão Solene destinada a homenagear o centenário de nascimento do empresário Edson Queiroz. Destaque para a fundação do jornal ""Diário do Nordeste"".","SESSÃO SOLENE, COMEMORAÇÃO, ANIVERSARIO, CENTENARIO, EMPRESARIO, EDSON QUEIROZ, DESTAQUE, ATUAÇÃO, JORNAL, IMPRENSA, CRIAÇÃO, DIARIO DO NORDESTE.",,Luis Eduardo Grangeiro Girão,Masculino,1972-09-25,CE,Fortaleza
513406,5976,Eduardo Girão,NOVO,CE,Sessão Solene,Não classificado,2025-04-09,Abertura de Sessão Solene destinada a homenagear o centenário de nascimento do empresário Edson Queiroz.,"ABERTURA, SESSÃO SOLENE, COMEMORAÇÃO, ANIVERSARIO, CENTENARIO, EMPRESARIO, EDSON QUEIROZ.",,Luis Eduardo Grangeiro Girão,Masculino,1972-09-25,CE,Fortaleza
513084,4531,Jayme Campos,UNIÃO,MT,Sessão Deliberativa Ordinária,Discurso,2025-04-09,"Necessidade de modernização das regras e do processo de licenciamento ambiental, para a eliminação de supostos entraves burocráticos às obras de infraestrutura importantes para o desenvolvimento nacional. Destaque aos impactos das questões burocráticas no Estado de Mato Grosso.","CRITICA, LICENCIAMENTO AMBIENTAL, MODERNIZAÇÃO, ATUALIZAÇÃO, BUROCRACIA, PREJUIZO, ESTADO DE MATO GROSSO (MT), ATRASO, OBRAS, INFRAESTRUTURA, PAVIMENTAÇÃO, RODOVIA.",,Jayme Veríssimo de Campos,Masculino,1951-09-13,NA,NA
513082,6337,Cleitinho,REPUBLICANOS,MG,Sessão Deliberativa Ordinária,Discurso,2025-04-09,"Indignação com o suposto excesso de poder atribuído ao Ministro do STF Alexandre de Moraes, ressaltando o possível uso indevido de avião da FAB, por S. Exa., e conflito de interesses envolvendo banco estatal. Manifestação contra a prisão de mulheres pelos atos do dia 8 de janeiro de 2023, com defesa da competência do Parlamento para deliberar sobre anistia e crítica à interferência do STF.","CRITICA, MINISTRO, SUPREMO TRIBUNAL FEDERAL (STF), ALEXANDRE DE MORAES, ABUSO DE PODER, ACUSAÇÃO, UTILIZAÇÃO, AERONAVE PUBLICA, FORÇA AEREA BRASILEIRA (FAB), CONFLITO DE INTERESSES, CONJUGE, BANCO DE BRASILIA (BRB), CERTIFICADO DE COMPRA DE AÇÕES, INSTITUIÇÃO FINANCEIRA, DEFESA, IMPEACHMENT.
DEFESA, CONCESSÃO, ANISTIA, ACUSADO, TENTATIVA, GOLPE DE ESTADO, DEPREDAÇÃO, EDIFICIO SEDE, PODERES CONSTITUCIONAIS, COMPETENCIA, CONGRESSO NACIONAL, CRITICA, INTERFERENCIA, MINISTRO, SUPREMO TRIBUNAL FEDERAL (STF), GILMAR MENDES.
CRITICA, PROJETO DE LEI, AUMENTO, CRIAÇÃO, CARGO EM COMISSÃO, SUPREMO TRIBUNAL FEDERAL (STF), LICITAÇÃO, AQUISIÇÃO, TELEFONE CELULAR, TRIBUNAL DE JUSTIÇA, ESTADO DE PERNAMBUCO (PE).",,Cleiton Gontijo de Azevedo,Masculino,1982-04-15,MG,Divinópolis
513080,3806,Zequinha Marinho,PODEMOS,PA,Sessão Deliberativa Ordinária,Discurso,2025-04-09,"Preocupação com o nível de endividamento do Estado do Pará, com críticas à atuação supostamente omissa da Assembleia Legislativa Estadual. Relato das precárias condições dos serviços públicos oferecidos à população paraense, com destaque para o Município de Vila da Barca-PA, especialmente diante do aumento expressivo da arrecadação tributária em 2024.","PREOCUPAÇÃO, ENDIVIDAMENTO, ESTADO DO PARA (PA), CRITICA, OMISSÃO, ASSEMBLEIA LEGISLATIVA, DEPUTADO ESTADUAL, EMPRESTIMO, AUSENCIA, INVESTIMENTO, INFRAESTRUTURA, BELEM (PA), FAVELA, SANEAMENTO BASICO, AGUA POTAVEL.",,José da Cruz Marinho,Masculino,1959-09-18,TO,Araguacema
513078,631,Magno Malta,PL,ES,Sessão Deliberativa Ordinária,Discurso,2025-04-09,"Considerações sobre a manifestação popular ocorrida na Av. Paulista, no último domingo, em defesa da anistia aos envolvidos nos atos do dia 8 de janeiro de 2023. Destaque à importância da rede social X, antigo Twitter, para a democracia brasileira. Elogios ao Pastor Silas Malafaia, por suas falas contra o ativismo judicial.","DEFESA, AGRONEGOCIO, IMPORTANCIA, ECONOMIA.
DESTAQUE, MANIFESTAÇÃO, SÃO PAULO (SP), DEFESA, CONCESSÃO, ANISTIA, ACUSADO, TENTATIVA, GOLPE DE ESTADO, DEPREDAÇÃO, EDIFICIO SEDE, PODERES CONSTITUCIONAIS.
CRITICA, MINISTRO, SUPREMO TRIBUNAL FEDERAL (STF), ALEXANDRE DE MORAES, ELOGIO, PASTOR, COMBATE, ATIVISMO JUDICIAL.
COMENTARIO, IMPORTANCIA, REDE X, DEMOCRACIA, LIBERDADE DE EXPRESSÃO.",,Magno Pereira Malta,Masculino,1957-10-16,BA,Macarani
513077,5976,Eduardo Girão,NOVO,CE,Sessão Deliberativa Ordinária,Discurso,2025-04-09,Denúncia de suposta perseguição política e prisão arbitrária contra o jornalista Filipe Martins pelo Ministro do STF Alexandre de Moraes. Defesa da concessão de anistia aos envolvidos nos atos do dia 8 de janeiro de 2023 em razão das supostas violações de garantias constitucionais cometidas pela Suprema Corte.,"DENUNCIA, PERSEGUIÇÃO, FILIPE MARTINS, MINISTRO, SUPREMO TRIBUNAL FEDERAL (STF), ALEXANDRE DE MORAES, CRITICA, INQUERITO, NOTICIA FALSA.
DEFESA, CONCESSÃO, ANISTIA, ACUSADO, TENTATIVA, GOLPE DE ESTADO, DEPREDAÇÃO, EDIFICIO SEDE, PODERES CONSTITUCIONAIS, SUPREMO TRIBUNAL FEDERAL (STF), VIOLAÇÃO, PERSEGUIÇÃO, DIREITOS E GARANTIAS INDIVIDUAIS.",,Luis Eduardo Grangeiro Girão,Masculino,1972-09-25,CE,Fortaleza
513075,5748,Veneziano Vital do Rêgo,MDB,PB,Sessão Deliberativa Ordinária,Pela ordem,2025-04-09,"Registro de voto de pesar pelo falecimento de Antônio Barros, compositor e grande intérprete do cancioneiro popular do Nordeste.","REQUERIMENTO, VOTO DE PESAR, MORTE, MUSICO, ARTISTA, ESTADO DA PARAIBA (PB).",,Veneziano Vital do Rêgo Segundo Neto,Masculino,1970-07-17,PB,Campina Grande
513073,5793,Dr. Hiran,PP,RR,Sessão Deliberativa Ordinária,Pela ordem,2025-04-09,"Pela ordem sobre o Projeto de Lei (PL) n° 1600, de 2025, que ""Cria o Programa de Aviação Regional da Região Norte"".","PROJETO DE LEI, CRIAÇÃO, PROGRAMA, AVIAÇÃO, REGIÃO NORTE, ABRANGENCIA, ESTADO DO ACRE (AC), ESTADO DO AMAPA (AP), ESTADO DO AMAZONAS (AM), ESTADO DO PARA (PA), ESTADO DE RONDONIA (RO), ESTADO DE RORAIMA (RR), ESTADO DO TOCANTINS (TO), DEFINIÇÃO, OBJETIVO, AMPLIAÇÃO, FACILITAÇÃO, INTEGRAÇÃO, ACESSO, TRANSPORTE AEREO, AEROPORTO, AUTORIZAÇÃO, UNIÃO FEDERAL, SUBVENÇÃO, Fundo Nacional de Aviação Civil (FNAC), FIXAÇÃO, VIGENCIA, PRAZO DETERMINADO.",,Hiran Manuel Gonçalves da Silva,Masculino,1957-06-19,AM,Tefé
513072,6342,Jorge Seif,PL,SC,Sessão Deliberativa Ordinária,Pela ordem,2025-04-09,"Pela ordem sobre a Proposta de Emenda à Constituição (PEC) n° 76, de 2019, PEC da polícia científica, que ""Altera a Constituição Federal, para incluir as polícias científicas no rol dos órgãos de segurança pública"".","PROPOSTA DE EMENDA A CONSTITUIÇÃO (PEC), ALTERAÇÃO, CONSTITUIÇÃO FEDERAL, INCLUSÃO, POLICIA, CIENCIAS, RELAÇÃO, ORGÃOS, SEGURANÇA PUBLICA.",,Jorge Seif Júnior,Masculino,1977-05-10,RJ,Rio de Janeiro
513071,3830,Davi Alcolumbre,UNIÃO,AP,Sessão Deliberativa Ordinária,Resposta à Questão de Ordem,2025-04-09,"Resposta a Questão de Ordem, suscitada pelo Senador Humberto Costa e pelo Deputado Federal Celso Russomanno, no dia 18 de dezembro de 2024, acerca da alternância entre Senado e Câmara na ocupação dos cargos de Presidente e o Vice-Presidente da Mesa Diretora do Parlasul.","RESPOSTA, QUESTÃO DE ORDEM, SENADOR, HUMBERTO COSTA, OCUPAÇÃO, CARGO, PRESIDENTE, VICE-PRESIDENTE, Representação Brasileira no Parlamento do Mercosul (CPCMS).",,David Samuel Alcolumbre Tobelem,Masculino,1977-06-19,AP,Macapá
513069,3806,Zequinha Marinho,PODEMOS,PA,Sessão Deliberativa Ordinária,Pela ordem,2025-04-09,"Pela ordem sobre o Requerimento (RQS) n° 275, de 2025, que ""Requer voto de aplauso à Igreja Assembleia de Deus Ministério de Anápolis – Norte do Pará, pelos 30 anos de trajetória"".","REQUERIMENTO, VOTO DE APLAUSO, ANIVERSARIO DE FUNDAÇÃO, IGREJA EVANGELICA, O ESTADO DO PARA.",,José da Cruz Marinho,Masculino,1959-09-18,TO,Araguacema
513067,6337,Cleitinho,REPUBLICANOS,MG,Sessão Deliberativa Ordinária,Pela ordem,2025-04-09,"Crítica sobre a suposta relação entre o presidente da CBF e o Ministro do STF, Gilmar Mendes.","CRITICA, RELAÇÃO, PRESIDENTE, CONFEDERAÇÃO BRASILEIRA DE FUTEBOL (CBF), MINISTRO, SUPREMO TRIBUNAL FEDERAL (STF), GILMAR MENDES, CORRUPÇÃO.",,Cleiton Gontijo de Azevedo,Masculino,1982-04-15,MG,Divinópolis
513066,5976,Eduardo Girão,NOVO,CE,Sessão Deliberativa Ordinária,Pela ordem,2025-04-09,"Preocupação com a suposta relação entre o Presidente da CBF e o Ministro do STF, Gilmar Mendes.","CRITICA, RELAÇÃO, PRESIDENTE, CONFEDERAÇÃO BRASILEIRA DE FUTEBOL (CBF), MINISTRO, SUPREMO TRIBUNAL FEDERAL (STF), GILMAR MENDES, CORRUPÇÃO.",,Luis Eduardo Grangeiro Girão,Masculino,1972-09-25,CE,Fortaleza
513065,5936,Carlos Portinho,PL,RJ,Sessão Deliberativa Ordinária,Pela Liderança,2025-04-09,"Pela Liderança sobre o Projeto de Lei (PL) n° 4872, de 2024, que ""Altera o Decreto-Lei nº 2.848, de 7 de dezembro de 1940 (Código Penal), para aumentar as penas aplicadas ao furto, roubo e receptação de fios, cabos ou equipamentos utilizados para fornecimento ou transmissão de energia elétrica ou de telefonia ou para transferência de dados e as aplicadas à interrupção ou perturbação de serviço telegráfico, telefônico, informático, telemático ou de informação de utilidade pública; e altera as Leis nºs 9.613, de 3 de março de 1998, para aumentar a pena dos crimes previstos no seu art. 1º, e 9.472, de 16 de julho de 1997, para estabelecer sanções aos detentores de serviço de telecomunicações pelo uso de fios, cabos ou equipamentos de telefonia ou transferência de dados que sejam produtos de crime; e dá outras providências"".","LIDERANÇA, PROJETO DE LEI, ALTERAÇÃO, LEI FEDERAL, SANÇÃO, INFRAÇÃO, CONCESSIONARIA, PERMISSIONARIA, SERVIÇO, TELECOMUNICAÇÃO, UTILIZAÇÃO, CABO, EQUIPAMENTOS, PRODUTO, CRIME, CARACTERIZAÇÃO, ATIVIDADE, CLANDESTINIDADE, PENA, LAVAGEM DE DINHEIRO, OCULTAÇÃO, CODIGO PENAL, AUMENTO, CIRCUNSTANCIA QUALIFICADORA, ROUBO, RECEPTAÇÃO, FURTO, FORNECIMENTO, TRANSMISSÃO, ENERGIA ELETRICA, TELEFONIA, TRANSFERENCIA, DADOS, INTERRUPÇÃO, PERTURBAÇÃO, TELEGRAFIA, INFORMATICA, CAUSA DE AUMENTO DE PENA, CALAMIDADE PUBLICA, ATENTADO, SEGURANÇA, UTILIDADE PUBLICA.",,Carlos Francisco Portinho,Masculino,1973-07-02,RJ,Rio de Janeiro
513063,742,Marcelo Castro,MDB,PI,Sessão Deliberativa Ordinária,Como Relator - Para proferir parecer,2025-04-09,"Como Relator - Para proferir parecer sobre o Projeto de Lei (PL) n° 4872, de 2024, que ""Altera o Decreto-Lei nº 2.848, de 7 de dezembro de 1940 (Código Penal), para aumentar as penas aplicadas ao furto, roubo e receptação de fios, cabos ou equipamentos utilizados para fornecimento ou transmissão de energia elétrica ou de telefonia ou para transferência de dados e as aplicadas à interrupção ou perturbação de serviço telegráfico, telefônico, informático, telemático ou de informação de utilidade pública; e altera as Leis nºs 9.613, de 3 de março de 1998, para aumentar a pena dos crimes previstos no seu art. 1º, e 9.472, de 16 de julho de 1997, para estabelecer sanções aos detentores de serviço de telecomunicações pelo uso de fios, cabos ou equipamentos de telefonia ou transferência de dados que sejam produtos de crime; e dá outras providências.""","RELATOR, PARECER, PROJETO DE LEI, ALTERAÇÃO, LEI FEDERAL, SANÇÃO, INFRAÇÃO, CONCESSIONARIA, PERMISSIONARIA, SERVIÇO, TELECOMUNICAÇÃO, UTILIZAÇÃO, CABO, EQUIPAMENTOS, PRODUTO, CRIME, CARACTERIZAÇÃO, ATIVIDADE, CLANDESTINIDADE, PENA, LAVAGEM DE DINHEIRO, OCULTAÇÃO, CODIGO PENAL, AUMENTO, CIRCUNSTANCIA QUALIFICADORA, ROUBO, RECEPTAÇÃO, FURTO, FORNECIMENTO, TRANSMISSÃO, ENERGIA ELETRICA, TELEFONIA, TRANSFERENCIA, DADOS, INTERRUPÇÃO, PERTURBAÇÃO, TELEGRAFIA, INFORMATICA, CAUSA DE AUMENTO DE PENA, CALAMIDADE PUBLICA, ATENTADO, SEGURANÇA, UTILIDADE PUBLICA.",,Marcelo Costa e Castro,Masculino,1950-06-09,PI,São Raimundo Nonato
513061,6340,Jaime Bagattoli,PL,RO,Sessão Deliberativa Ordinária,Discussão,2025-04-09,"Discussão sobre o Projeto de Lei (PL) n° 4872, de 2024, que ""Altera o Decreto-Lei nº 2.848, de 7 de dezembro de 1940 (Código Penal), para aumentar as penas aplicadas ao furto, roubo e receptação de fios, cabos ou equipamentos utilizados para fornecimento ou transmissão de energia elétrica ou de telefonia ou para transferência de dados e as aplicadas à interrupção ou perturbação de serviço telegráfico, telefônico, informático, telemático ou de informação de utilidade pública; e altera as Leis nºs 9.613, de 3 de março de 1998, para aumentar a pena dos crimes previstos no seu art. 1º, e 9.472, de 16 de julho de 1997, para estabelecer sanções aos detentores de serviço de telecomunicações pelo uso de fios, cabos ou equipamentos de telefonia ou transferência de dados que sejam produtos de crime; e dá outras providências.""","DISCUSSÃO, PROJETO DE LEI, ALTERAÇÃO, LEI FEDERAL, SANÇÃO, INFRAÇÃO, CONCESSIONARIA, PERMISSIONARIA, SERVIÇO, TELECOMUNICAÇÃO, UTILIZAÇÃO, CABO, EQUIPAMENTOS, PRODUTO, CRIME, CARACTERIZAÇÃO, ATIVIDADE, CLANDESTINIDADE, PENA, LAVAGEM DE DINHEIRO, OCULTAÇÃO, CODIGO PENAL, AUMENTO, CIRCUNSTANCIA QUALIFICADORA, ROUBO, RECEPTAÇÃO, FURTO, FORNECIMENTO, TRANSMISSÃO, ENERGIA ELETRICA, TELEFONIA, TRANSFERENCIA, DADOS, INTERRUPÇÃO, PERTURBAÇÃO, TELEGRAFIA, INFORMATICA, CAUSA DE AUMENTO DE PENA, CALAMIDADE PUBLICA, ATENTADO, SEGURANÇA, UTILIDADE PUBLICA.",,Jaime Maximino Bagattoli,Masculino,1961-04-26,SC,Presidente Getúlio
513060,4770,Izalci Lucas,PL,DF,Sessão Deliberativa Ordinária,Discussão,2025-04-09,"Discussão sobre o Projeto de Lei (PL) n° 4872, de 2024, que ""Altera o Decreto-Lei nº 2.848, de 7 de dezembro de 1940 (Código Penal), para aumentar as penas aplicadas ao furto, roubo e receptação de fios, cabos ou equipamentos utilizados para fornecimento ou transmissão de energia elétrica ou de telefonia ou para transferência de dados e as aplicadas à interrupção ou perturbação de serviço telegráfico, telefônico, informático, telemático ou de informação de utilidade pública; e altera as Leis nºs 9.613, de 3 de março de 1998, para aumentar a pena dos crimes previstos no seu art. 1º, e 9.472, de 16 de julho de 1997, para estabelecer sanções aos detentores de serviço de telecomunicações pelo uso de fios, cabos ou equipamentos de telefonia ou transferência de dados que sejam produtos de crime; e dá outras providências.""","DISCUSSÃO, PROJETO DE LEI, ALTERAÇÃO, LEI FEDERAL, SANÇÃO, INFRAÇÃO, CONCESSIONARIA, PERMISSIONARIA, SERVIÇO, TELECOMUNICAÇÃO, UTILIZAÇÃO, CABO, EQUIPAMENTOS, PRODUTO, CRIME, CARACTERIZAÇÃO, ATIVIDADE, CLANDESTINIDADE, PENA, LAVAGEM DE DINHEIRO, OCULTAÇÃO, CODIGO PENAL, AUMENTO, CIRCUNSTANCIA QUALIFICADORA, ROUBO, RECEPTAÇÃO, FURTO, FORNECIMENTO, TRANSMISSÃO, ENERGIA ELETRICA, TELEFONIA, TRANSFERENCIA, DADOS, INTERRUPÇÃO, PERTURBAÇÃO, TELEGRAFIA, INFORMATICA, CAUSA DE AUMENTO DE PENA, CALAMIDADE PUBLICA, ATENTADO, SEGURANÇA, UTILIDADE PUBLICA.",,Izalci Lucas Ferreira,Masculino,1956-04-07,MG,Araújos
513058,6342,Jorge Seif,PL,SC,Sessão Deliberativa Ordinária,Discussão,2025-04-09,"Discussão sobre o Projeto de Lei (PL) n° 4872, de 2024, que ""Altera o Decreto-Lei nº 2.848, de 7 de dezembro de 1940 (Código Penal), para aumentar as penas aplicadas ao furto, roubo e receptação de fios, cabos ou equipamentos utilizados para fornecimento ou transmissão de energia elétrica ou de telefonia ou para transferência de dados e as aplicadas à interrupção ou perturbação de serviço telegráfico, telefônico, informático, telemático ou de informação de utilidade pública; e altera as Leis nºs 9.613, de 3 de março de 1998, para aumentar a pena dos crimes previstos no seu art. 1º, e 9.472, de 16 de julho de 1997, para estabelecer sanções aos detentores de serviço de telecomunicações pelo uso de fios, cabos ou equipamentos de telefonia ou transferência de dados que sejam produtos de crime; e dá outras providências.""","DISCUSSÃO, PROJETO DE LEI, ALTERAÇÃO, LEI FEDERAL, SANÇÃO, INFRAÇÃO, CONCESSIONARIA, PERMISSIONARIA, SERVIÇO, TELECOMUNICAÇÃO, UTILIZAÇÃO, CABO, EQUIPAMENTOS, PRODUTO, CRIME, CARACTERIZAÇÃO, ATIVIDADE, CLANDESTINIDADE, PENA, LAVAGEM DE DINHEIRO, OCULTAÇÃO, CODIGO PENAL, AUMENTO, CIRCUNSTANCIA QUALIFICADORA, ROUBO, RECEPTAÇÃO, FURTO, FORNECIMENTO, TRANSMISSÃO, ENERGIA ELETRICA, TELEFONIA, TRANSFERENCIA, DADOS, INTERRUPÇÃO, PERTURBAÇÃO, TELEGRAFIA, INFORMATICA, CAUSA DE AUMENTO DE PENA, CALAMIDADE PUBLICA, ATENTADO, SEGURANÇA, UTILIDADE PUBLICA.",,Jorge Seif Júnior,Masculino,1977-05-10,RJ,Rio de Janeiro
513057,4642,Efraim Filho,UNIÃO,PB,Sessão Deliberativa Ordinária,Discussão,2025-04-09,"Discussão sobre o Projeto de Lei (PL) n° 4872, de 2024, que ""Altera o Decreto-Lei nº 2.848, de 7 de dezembro de 1940 (Código Penal), para aumentar as penas aplicadas ao furto, roubo e receptação de fios, cabos ou equipamentos utilizados para fornecimento ou transmissão de energia elétrica ou de telefonia ou para transferência de dados e as aplicadas à interrupção ou perturbação de serviço telegráfico, telefônico, informático, telemático ou de informação de utilidade pública; e altera as Leis nºs 9.613, de 3 de março de 1998, para aumentar a pena dos crimes previstos no seu art. 1º, e 9.472, de 16 de julho de 1997, para estabelecer sanções aos detentores de serviço de telecomunicações pelo uso de fios, cabos ou equipamentos de telefonia ou transferência de dados que sejam produtos de crime; e dá outras providências.""","DISCUSSÃO, PROJETO DE LEI, ALTERAÇÃO, LEI FEDERAL, SANÇÃO, INFRAÇÃO, CONCESSIONARIA, PERMISSIONARIA, SERVIÇO, TELECOMUNICAÇÃO, UTILIZAÇÃO, CABO, EQUIPAMENTOS, PRODUTO, CRIME, CARACTERIZAÇÃO, ATIVIDADE, CLANDESTINIDADE, PENA, LAVAGEM DE DINHEIRO, OCULTAÇÃO, CODIGO PENAL, AUMENTO, CIRCUNSTANCIA QUALIFICADORA, ROUBO, RECEPTAÇÃO, FURTO, FORNECIMENTO, TRANSMISSÃO, ENERGIA ELETRICA, TELEFONIA, TRANSFERENCIA, DADOS, INTERRUPÇÃO, PERTURBAÇÃO, TELEGRAFIA, INFORMATICA, CAUSA DE AUMENTO DE PENA, CALAMIDADE PUBLICA, ATENTADO, SEGURANÇA, UTILIDADE PUBLICA.",,Efraim de Araújo Morais Filho,Masculino,1979-03-18,PB,João Pessoa
513056,5894,Flávio Bolsonaro,PL,RJ,Sessão Deliberativa Ordinária,Discussão,2025-04-09,"Discussão sobre o Projeto de Lei (PL) n° 4872, de 2024, que ""Altera o Decreto-Lei nº 2.848, de 7 de dezembro de 1940 (Código Penal), para aumentar as penas aplicadas ao furto, roubo e receptação de fios, cabos ou equipamentos utilizados para fornecimento ou transmissão de energia elétrica ou de telefonia ou para transferência de dados e as aplicadas à interrupção ou perturbação de serviço telegráfico, telefônico, informático, telemático ou de informação de utilidade pública; e altera as Leis nºs 9.613, de 3 de março de 1998, para aumentar a pena dos crimes previstos no seu art. 1º, e 9.472, de 16 de julho de 1997, para estabelecer sanções aos detentores de serviço de telecomunicações pelo uso de fios, cabos ou equipamentos de telefonia ou transferência de dados que sejam produtos de crime; e dá outras providências.""","DISCUSSÃO, PROJETO DE LEI, ALTERAÇÃO, LEI FEDERAL, SANÇÃO, INFRAÇÃO, CONCESSIONARIA, PERMISSIONARIA, SERVIÇO, TELECOMUNICAÇÃO, UTILIZAÇÃO, CABO, EQUIPAMENTOS, PRODUTO, CRIME, CARACTERIZAÇÃO, ATIVIDADE, CLANDESTINIDADE, PENA, LAVAGEM DE DINHEIRO, OCULTAÇÃO, CODIGO PENAL, AUMENTO, CIRCUNSTANCIA QUALIFICADORA, ROUBO, RECEPTAÇÃO, FURTO, FORNECIMENTO, TRANSMISSÃO, ENERGIA ELETRICA, TELEFONIA, TRANSFERENCIA, DADOS, INTERRUPÇÃO, PERTURBAÇÃO, TELEGRAFIA, INFORMATICA, CAUSA DE AUMENTO DE PENA, CALAMIDADE PUBLICA, ATENTADO, SEGURANÇA, UTILIDADE PUBLICA.",,Flávio Nantes Bolsonaro,Masculino,1981-04-30,RJ,Rio de Janeiro
513055,6335,Damares Alves,REPUBLICANOS,DF,Sessão Deliberativa Ordinária,Discussão,2025-04-09,"Discussão sobre o Projeto de Lei (PL) n° 4872, de 2024, que ""Altera o Decreto-Lei nº 2.848, de 7 de dezembro de 1940 (Código Penal), para aumentar as penas aplicadas ao furto, roubo e receptação de fios, cabos ou equipamentos utilizados para fornecimento ou transmissão de energia elétrica ou de telefonia ou para transferência de dados e as aplicadas à interrupção ou perturbação de serviço telegráfico, telefônico, informático, telemático ou de informação de utilidade pública; e altera as Leis nºs 9.613, de 3 de março de 1998, para aumentar a pena dos crimes previstos no seu art. 1º, e 9.472, de 16 de julho de 1997, para estabelecer sanções aos detentores de serviço de telecomunicações pelo uso de fios, cabos ou equipamentos de telefonia ou transferência de dados que sejam produtos de crime; e dá outras providências.""","DISCUSSÃO, PROJETO DE LEI, ALTERAÇÃO, LEI FEDERAL, SANÇÃO, INFRAÇÃO, CONCESSIONARIA, PERMISSIONARIA, SERVIÇO, TELECOMUNICAÇÃO, UTILIZAÇÃO, CABO, EQUIPAMENTOS, PRODUTO, CRIME, CARACTERIZAÇÃO, ATIVIDADE, CLANDESTINIDADE, PENA, LAVAGEM DE DINHEIRO, OCULTAÇÃO, CODIGO PENAL, AUMENTO, CIRCUNSTANCIA QUALIFICADORA, ROUBO, RECEPTAÇÃO, FURTO, FORNECIMENTO, TRANSMISSÃO, ENERGIA ELETRICA, TELEFONIA, TRANSFERENCIA, DADOS, INTERRUPÇÃO, PERTURBAÇÃO, TELEGRAFIA, INFORMATICA, CAUSA DE AUMENTO DE PENA, CALAMIDADE PUBLICA, ATENTADO, SEGURANÇA, UTILIDADE PUBLICA.",,Damares Regina Alves,Feminino,1964-03-11,PR,Paranaguá
513054,631,Magno Malta,PL,ES,Sessão Deliberativa Ordinária,Discussão,2025-04-09,"Discussão sobre o Projeto de Lei (PL) n° 4872, de 2024, que ""Altera o Decreto-Lei nº 2.848, de 7 de dezembro de 1940 (Código Penal), para aumentar as penas aplicadas ao furto, roubo e receptação de fios, cabos ou equipamentos utilizados para fornecimento ou transmissão de energia elétrica ou de telefonia ou para transferência de dados e as aplicadas à interrupção ou perturbação de serviço telegráfico, telefônico, informático, telemático ou de informação de utilidade pública; e altera as Leis nºs 9.613, de 3 de março de 1998, para aumentar a pena dos crimes previstos no seu art. 1º, e 9.472, de 16 de julho de 1997, para estabelecer sanções aos detentores de serviço de telecomunicações pelo uso de fios, cabos ou equipamentos de telefonia ou transferência de dados que sejam produtos de crime; e dá outras providências.""","DISCUSSÃO, PROJETO DE LEI, ALTERAÇÃO, LEI FEDERAL, SANÇÃO, INFRAÇÃO, CONCESSIONARIA, PERMISSIONARIA, SERVIÇO, TELECOMUNICAÇÃO, UTILIZAÇÃO, CABO, EQUIPAMENTOS, PRODUTO, CRIME, CARACTERIZAÇÃO, ATIVIDADE, CLANDESTINIDADE, PENA, LAVAGEM DE DINHEIRO, OCULTAÇÃO, CODIGO PENAL, AUMENTO, CIRCUNSTANCIA QUALIFICADORA, ROUBO, RECEPTAÇÃO, FURTO, FORNECIMENTO, TRANSMISSÃO, ENERGIA ELETRICA, TELEFONIA, TRANSFERENCIA, DADOS, INTERRUPÇÃO, PERTURBAÇÃO, TELEGRAFIA, INFORMATICA, CAUSA DE AUMENTO DE PENA, CALAMIDADE PUBLICA, ATENTADO, SEGURANÇA, UTILIDADE PUBLICA.",,Magno Pereira Malta,Masculino,1957-10-16,BA,Macarani
513053,5976,Eduardo Girão,NOVO,CE,Sessão Deliberativa Ordinária,Discussão,2025-04-09,"Discussão sobre o Projeto de Lei (PL) n° 4872, de 2024, que ""Altera o Decreto-Lei nº 2.848, de 7 de dezembro de 1940 (Código Penal), para aumentar as penas aplicadas ao furto, roubo e receptação de fios, cabos ou equipamentos utilizados para fornecimento ou transmissão de energia elétrica ou de telefonia ou para transferência de dados e as aplicadas à interrupção ou perturbação de serviço telegráfico, telefônico, informático, telemático ou de informação de utilidade pública; e altera as Leis nºs 9.613, de 3 de março de 1998, para aumentar a pena dos crimes previstos no seu art. 1º, e 9.472, de 16 de julho de 1997, para estabelecer sanções aos detentores de serviço de telecomunicações pelo uso de fios, cabos ou equipamentos de telefonia ou transferência de dados que sejam produtos de crime; e dá outras providências.""","DISCUSSÃO, PROJETO DE LEI, ALTERAÇÃO, LEI FEDERAL, SANÇÃO, INFRAÇÃO, CONCESSIONARIA, PERMISSIONARIA, SERVIÇO, TELECOMUNICAÇÃO, UTILIZAÇÃO, CABO, EQUIPAMENTOS, PRODUTO, CRIME, CARACTERIZAÇÃO, ATIVIDADE, CLANDESTINIDADE, PENA, LAVAGEM DE DINHEIRO, OCULTAÇÃO, CODIGO PENAL, AUMENTO, CIRCUNSTANCIA QUALIFICADORA, ROUBO, RECEPTAÇÃO, FURTO, FORNECIMENTO, TRANSMISSÃO, ENERGIA ELETRICA, TELEFONIA, TRANSFERENCIA, DADOS, INTERRUPÇÃO, PERTURBAÇÃO, TELEGRAFIA, INFORMATICA, CAUSA DE AUMENTO DE PENA, CALAMIDADE PUBLICA, ATENTADO, SEGURANÇA, UTILIDADE PUBLICA.",,Luis Eduardo Grangeiro Girão,Masculino,1972-09-25,CE,Fortaleza
513052,22,Esperidião Amin,PP,SC,Sessão Deliberativa Ordinária,Discussão,2025-04-09,"Discussão sobre o Projeto de Lei (PL) n° 4872, de 2024, que ""Altera o Decreto-Lei nº 2.848, de 7 de dezembro de 1940 (Código Penal), para aumentar as penas aplicadas ao furto, roubo e receptação de fios, cabos ou equipamentos utilizados para fornecimento ou transmissão de energia elétrica ou de telefonia ou para transferência de dados e as aplicadas à interrupção ou perturbação de serviço telegráfico, telefônico, informático, telemático ou de informação de utilidade pública; e altera as Leis nºs 9.613, de 3 de março de 1998, para aumentar a pena dos crimes previstos no seu art. 1º, e 9.472, de 16 de julho de 1997, para estabelecer sanções aos detentores de serviço de telecomunicações pelo uso de fios, cabos ou equipamentos de telefonia ou transferência de dados que sejam produtos de crime; e dá outras providências.""","DISCUSSÃO, PROJETO DE LEI, ALTERAÇÃO, LEI FEDERAL, SANÇÃO, INFRAÇÃO, CONCESSIONARIA, PERMISSIONARIA, SERVIÇO, TELECOMUNICAÇÃO, UTILIZAÇÃO, CABO, EQUIPAMENTOS, PRODUTO, CRIME, CARACTERIZAÇÃO, ATIVIDADE, CLANDESTINIDADE, PENA, LAVAGEM DE DINHEIRO, OCULTAÇÃO, CODIGO PENAL, AUMENTO, CIRCUNSTANCIA QUALIFICADORA, ROUBO, RECEPTAÇÃO, FURTO, FORNECIMENTO, TRANSMISSÃO, ENERGIA ELETRICA, TELEFONIA, TRANSFERENCIA, DADOS, INTERRUPÇÃO, PERTURBAÇÃO, TELEGRAFIA, INFORMATICA, CAUSA DE AUMENTO DE PENA, CALAMIDADE PUBLICA, ATENTADO, SEGURANÇA, UTILIDADE PUBLICA.",,Esperidião Amin Helou Filho,Masculino,1947-12-21,SC,Florianópolis
513050,742,Marcelo Castro,MDB,PI,Sessão Deliberativa Ordinária,Como Relator - Para proferir parecer,2025-04-09,"Como Relator, para proferir parecer sobre o Projeto de Lei (PL) n° 4872, de 2024, que ""Altera o Decreto-Lei nº 2.848, de 7 de dezembro de 1940 (Código Penal), para aumentar as penas aplicadas ao furto, roubo e receptação de fios, cabos ou equipamentos utilizados para fornecimento ou transmissão de energia elétrica ou de telefonia ou para transferência de dados e as aplicadas à interrupção ou perturbação de serviço telegráfico, telefônico, informático, telemático ou de informação de utilidade pública; e altera as Leis nºs 9.613, de 3 de março de 1998, para aumentar a pena dos crimes previstos no seu art. 1º, e 9.472, de 16 de julho de 1997, para estabelecer sanções aos detentores de serviço de telecomunicações pelo uso de fios, cabos ou equipamentos de telefonia ou transferência de dados que sejam produtos de crime; e dá outras providências"".","RELATOR, PARECER, PROJETO DE LEI, ALTERAÇÃO, LEI FEDERAL, SANÇÃO, INFRAÇÃO, CONCESSIONARIA, PERMISSIONARIA, SERVIÇO, TELECOMUNICAÇÃO, UTILIZAÇÃO, CABO, EQUIPAMENTOS, PRODUTO, CRIME, CARACTERIZAÇÃO, ATIVIDADE, CLANDESTINIDADE, PENA, LAVAGEM DE DINHEIRO, OCULTAÇÃO, CODIGO PENAL, AUMENTO, CIRCUNSTANCIA QUALIFICADORA, ROUBO, RECEPTAÇÃO, FURTO, FORNECIMENTO, TRANSMISSÃO, ENERGIA ELETRICA, TELEFONIA, TRANSFERENCIA, DADOS, INTERRUPÇÃO, PERTURBAÇÃO, TELEGRAFIA, INFORMATICA, CAUSA DE AUMENTO DE PENA, CALAMIDADE PUBLICA, ATENTADO, SEGURANÇA, UTILIDADE PUBLICA.",,Marcelo Costa e Castro,Masculino,1950-06-09,PI,São Raimundo Nonato
513048,5502,Plínio Valério,PSDB,AM,Sessão Deliberativa Ordinária,Pela ordem,2025-04-09,"Pela ordem sobre o Projeto de Lei (PL) n° 5066, de 2020, que ""Modifica a Lei nº 9.478, de 6 de agosto de 1997, e a Lei nº 12.351, de 22 de dezembro de 2010, para dispor sobre o estímulo à pesquisa e à adoção de novas tecnologias na exploração e produção de petróleo, gás natural e outros hidrocarbonetos fluidos"".","PROJETO DE LEI, ALTERAÇÃO, LEI FEDERAL, ACRESCIMO, CLAUSULA, CONTRATO, PARTILHA, PRODUÇÃO, OBRIGATORIEDADE, INVESTIMENTO, DESENVOLVIMENTO, PESQUISA, INOVAÇÃO, EXPLORAÇÃO, PETROLEO, GAS NATURAL, HIDROCARBONETO, INCENTIVO, ADOÇÃO, TECNOLOGIA.",,Francisco Plínio Valério Tomaz,Masculino,1955-01-31,AM,Eirunepé
513047,5352,Rogério Carvalho,PT,SE,Sessão Deliberativa Ordinária,Pela ordem,2025-04-09,"Pela ordem sobre o Projeto de Lei (PL) n° 5066, de 2020, que ""Modifica a Lei nº 9.478, de 6 de agosto de 1997, e a Lei nº 12.351, de 22 de dezembro de 2010, para dispor sobre o estímulo à pesquisa e à adoção de novas tecnologias na exploração e produção de petróleo, gás natural e outros hidrocarbonetos fluidos"".","PROJETO DE LEI, ALTERAÇÃO, LEI FEDERAL, ACRESCIMO, CLAUSULA, CONTRATO, PARTILHA, PRODUÇÃO, OBRIGATORIEDADE, INVESTIMENTO, DESENVOLVIMENTO, PESQUISA, INOVAÇÃO, EXPLORAÇÃO, PETROLEO, GAS NATURAL, HIDROCARBONETO, INCENTIVO, ADOÇÃO, TECNOLOGIA.",,Rogério Carvalho Santos,Masculino,1968-08-02,SE,Aracaju
513045,470,Chico Rodrigues,PSB,RR,Sessão Deliberativa Ordinária,Como Relator,2025-04-09,"Como Relator sobre o Projeto de Lei (PL) n° 5066, de 2020, que ""Modifica a Lei nº 9.478, de 6 de agosto de 1997, e a Lei nº 12.351, de 22 de dezembro de 2010, para dispor sobre o estímulo à pesquisa e à adoção de novas tecnologias na exploração e produção de petróleo, gás natural e outros hidrocarbonetos fluidos"".","RELATOR, PROJETO DE LEI, ALTERAÇÃO, LEI FEDERAL, ACRESCIMO, CLAUSULA, CONTRATO, PARTILHA, PRODUÇÃO, OBRIGATORIEDADE, INVESTIMENTO, DESENVOLVIMENTO, PESQUISA, INOVAÇÃO, EXPLORAÇÃO, PETROLEO, GAS NATURAL, HIDROCARBONETO, INCENTIVO, ADOÇÃO, TECNOLOGIA.",,Francisco de Assis Rodrigues,Masculino,1951-04-23,PE,Recife
513043,5502,Plínio Valério,PSDB,AM,Sessão Deliberativa Ordinária,Pela ordem,2025-04-09,"Pela ordem sobre o Projeto de Lei (PL) n° 5066, de 2020, que ""Modifica a Lei nº 9.478, de 6 de agosto de 1997, e a Lei nº 12.351, de 22 de dezembro de 2010, para dispor sobre o estímulo à pesquisa e à adoção de novas tecnologias na exploração e produção de petróleo, gás natural e outros hidrocarbonetos fluidos"".","PROJETO DE LEI, ALTERAÇÃO, LEI FEDERAL, ACRESCIMO, CLAUSULA, CONTRATO, PARTILHA, PRODUÇÃO, OBRIGATORIEDADE, INVESTIMENTO, DESENVOLVIMENTO, PESQUISA, INOVAÇÃO, EXPLORAÇÃO, PETROLEO, GAS NATURAL, HIDROCARBONETO, INCENTIVO, ADOÇÃO, TECNOLOGIA.",,Francisco Plínio Valério Tomaz,Masculino,1955-01-31,AM,Eirunepé
513042,5936,Carlos Portinho,PL,RJ,Sessão Deliberativa Ordinária,Pela Liderança,2025-04-09,"Pela Liderança sobre o Projeto de Lei (PL) n° 5066, de 2020, que ""Modifica a Lei nº 9.478, de 6 de agosto de 1997, e a Lei nº 12.351, de 22 de dezembro de 2010, para dispor sobre o estímulo à pesquisa e à adoção de novas tecnologias na exploração e produção de petróleo, gás natural e outros hidrocarbonetos fluidos"".","LIDERANÇA, PROJETO DE LEI, ALTERAÇÃO, LEI FEDERAL, ACRESCIMO, CLAUSULA, CONTRATO, PARTILHA, PRODUÇÃO, OBRIGATORIEDADE, INVESTIMENTO, DESENVOLVIMENTO, PESQUISA, INOVAÇÃO, EXPLORAÇÃO, PETROLEO, GAS NATURAL, HIDROCARBONETO, INCENTIVO, ADOÇÃO, TECNOLOGIA.",,Carlos Francisco Portinho,Masculino,1973-07-02,RJ,Rio de Janeiro
513040,5926,Lucas Barreto,PSD,AP,Sessão Deliberativa Ordinária,Discussão,2025-04-09,"Discussão sobre o Projeto de Lei (PL) n° 5066, de 2020, que ""Modifica a Lei nº 9.478, de 6 de agosto de 1997, e a Lei nº 12.351, de 22 de dezembro de 2010, para dispor sobre o estímulo à pesquisa e à adoção de novas tecnologias na exploração e produção de petróleo, gás natural e outros hidrocarbonetos fluidos"".","DISCUSSÃO, PROJETO DE LEI, ALTERAÇÃO, LEI FEDERAL, ACRESCIMO, CLAUSULA, CONTRATO, PARTILHA, PRODUÇÃO, OBRIGATORIEDADE, INVESTIMENTO, DESENVOLVIMENTO, PESQUISA, INOVAÇÃO, EXPLORAÇÃO, PETROLEO, GAS NATURAL, HIDROCARBONETO, INCENTIVO, ADOÇÃO, TECNOLOGIA.",,Luiz Cantuária Barreto,Masculino,1964-11-10,NA,NA
513037,5894,Flávio Bolsonaro,PL,RJ,Sessão Deliberativa Ordinária,Discussão,2025-04-09,"Discussão sobre o Projeto de Lei (PL) n° 5066, de 2020, que ""Modifica a Lei nº 9.478, de 6 de agosto de 1997, e a Lei nº 12.351, de 22 de dezembro de 2010, para dispor sobre o estímulo à pesquisa e à adoção de novas tecnologias na exploração e produção de petróleo, gás natural e outros hidrocarbonetos fluidos"".","DISCUSSÃO, PROJETO DE LEI, ALTERAÇÃO, LEI FEDERAL, ACRESCIMO, CLAUSULA, CONTRATO, PARTILHA, PRODUÇÃO, OBRIGATORIEDADE, INVESTIMENTO, DESENVOLVIMENTO, PESQUISA, INOVAÇÃO, EXPLORAÇÃO, PETROLEO, GAS NATURAL, HIDROCARBONETO, INCENTIVO, ADOÇÃO, TECNOLOGIA.",,Flávio Nantes Bolsonaro,Masculino,1981-04-30,RJ,Rio de Janeiro
513036,5502,Plínio Valério,PSDB,AM,Sessão Deliberativa Ordinária,Discussão,2025-04-09,"Discussão sobre o Projeto de Lei (PL) n° 5066, de 2020, que ""Modifica a Lei nº 9.478, de 6 de agosto de 1997, e a Lei nº 12.351, de 22 de dezembro de 2010, para dispor sobre o estímulo à pesquisa e à adoção de novas tecnologias na exploração e produção de petróleo, gás natural e outros hidrocarbonetos fluidos"".","DISCUSSÃO, PROJETO DE LEI, ALTERAÇÃO, LEI FEDERAL, ACRESCIMO, CLAUSULA, CONTRATO, PARTILHA, PRODUÇÃO, OBRIGATORIEDADE, INVESTIMENTO, DESENVOLVIMENTO, PESQUISA, INOVAÇÃO, EXPLORAÇÃO, PETROLEO, GAS NATURAL, HIDROCARBONETO, INCENTIVO, ADOÇÃO, TECNOLOGIA.",,Francisco Plínio Valério Tomaz,Masculino,1955-01-31,AM,Eirunepé
513035,5936,Carlos Portinho,PL,RJ,Sessão Deliberativa Ordinária,Discussão,2025-04-09,"Discussão sobre o Projeto de Lei (PL) n° 5066, de 2020, que ""Modifica a Lei nº 9.478, de 6 de agosto de 1997, e a Lei nº 12.351, de 22 de dezembro de 2010, para dispor sobre o estímulo à pesquisa e à adoção de novas tecnologias na exploração e produção de petróleo, gás natural e outros hidrocarbonetos fluidos"".","DISCUSSÃO, PROJETO DE LEI, ALTERAÇÃO, LEI FEDERAL, ACRESCIMO, CLAUSULA, CONTRATO, PARTILHA, PRODUÇÃO, OBRIGATORIEDADE, INVESTIMENTO, DESENVOLVIMENTO, PESQUISA, INOVAÇÃO, EXPLORAÇÃO, PETROLEO, GAS NATURAL, HIDROCARBONETO, INCENTIVO, ADOÇÃO, TECNOLOGIA.",,Carlos Francisco Portinho,Masculino,1973-07-02,RJ,Rio de Janeiro
513034,470,Chico Rodrigues,PSB,RR,Sessão Deliberativa Ordinária,Como Relator,2025-04-09,"Como Relator sobre o Projeto de Lei (PL) n° 5066, de 2020, que ""Modifica a Lei nº 9.478, de 6 de agosto de 1997, e a Lei nº 12.351, de 22 de dezembro de 2010, para dispor sobre o estímulo à pesquisa e à adoção de novas tecnologias na exploração e produção de petróleo, gás natural e outros hidrocarbonetos fluidos"".","RELATOR, PROJETO DE LEI, ALTERAÇÃO, LEI FEDERAL, ACRESCIMO, CLAUSULA, CONTRATO, PARTILHA, PRODUÇÃO, OBRIGATORIEDADE, INVESTIMENTO, DESENVOLVIMENTO, PESQUISA, INOVAÇÃO, EXPLORAÇÃO, PETROLEO, GAS NATURAL, HIDROCARBONETO, INCENTIVO, ADOÇÃO, TECNOLOGIA.",,Francisco de Assis Rodrigues,Masculino,1951-04-23,PE,Recife
513031,5894,Flávio Bolsonaro,PL,RJ,Sessão Deliberativa Ordinária,Pela ordem,2025-04-09,Crítica à impunidade de Parlamentares que praticam discurso de ódio.,"CRITICA, IMPUNIDADE, ATUAÇÃO PARLAMENTAR, PARLAMENTAR, DISCURSO DE ODIO, IMUNIDADE PARLAMENTAR.",,Flávio Nantes Bolsonaro,Masculino,1981-04-30,RJ,Rio de Janeiro
513030,5525,Omar Aziz,PSD,AM,Sessão Deliberativa Ordinária,Pela ordem,2025-04-09,Exposição quanto à necessidade de ser oferecida segurança institucional aos Presidentes e Ex-Presidentes da República.,"EXPOSIÇÃO, NECESSIDADE, OFERECIMENTO, SEGURANÇA, EX-PRESIDENTE DA REPUBLICA, EX-VICE-PRESIDENTE DA REPUBLICA.",,Omar José Abdel Aziz,Masculino,1958-08-13,SP,Garça
513029,5895,Jorge Kajuru,PSB,GO,Sessão Deliberativa Ordinária,Pela ordem,2025-04-09,Críticas a manifestações e discursos de ódio realizadas por Parlamentares.,"CRITICA, MANIFESTAÇÃO, DISCURSO DE ODIO, ATUAÇÃO PARLAMENTAR, CAMARA DOS DEPUTADOS, SENADO.",,Jorge Kajuru Reis da Costa Nasser,Masculino,1961-01-20,SP,Cajuru
513027,22,Esperidião Amin,PP,SC,Sessão Deliberativa Ordinária,Pela ordem,2025-04-09,"Pela ordem sobre o Requerimento (RQS) n° 262, de 2025, que ""Requer a realização de Sessão Especial destinada a celebrar os 25 anos da Lei Complementar nº 101, de 2000, conhecida como Lei de Responsabilidade Fiscal (LRF)"".","REQUERIMENTO, REALIZAÇÃO, SESSÃO ESPECIAL, CELEBRAÇÃO, ANIVERSARIO, LEI DE RESPONSABILIDADE FISCAL.",,Esperidião Amin Helou Filho,Masculino,1947-12-21,SC,Florianópolis
513025,345,Flávio Arns,PSB,PR,Sessão Deliberativa Ordinária,Como Relator,2025-04-09,"Como Relator sobre o Projeto de Lei (PL) n° 5307, de 2019, que ""Institui a Política Nacional de Conscientização e Orientação sobre as Doenças Inflamatórias Intestinais – Doença de Crohn e Retocolite Ulcerativa - e Assistência aos Portadores"".","RELATOR, PROJETO DE LEI, CRIAÇÃO, POLITICA NACIONAL, CONSCIENTIZAÇÃO, ORIENTAÇÃO, DOENÇA, CORPO HUMANO, CAMPANHA NACIONAL, MES, MAIO, COMPETENCIA, ARTICULAÇÃO, DESENVOLVIMENTO, UNIÃO FEDERAL, ESTADOS, DISTRITO FEDERAL (DF), MUNICIPIOS, SISTEMA UNICO DE SAUDE (SUS).",,Flávio José Arns,Masculino,1950-11-09,PR,Curitiba
513023,5959,Styvenson Valentim,PSDB,RN,Sessão Deliberativa Ordinária,Discussão,2025-04-09,"Discussão sobre a Proposta de Emenda à Constituição (PEC) n° 37, de 2022, que ""Modifica o art. 144 da Constituição Federal, a fim de incluir as guardas municipais e os agentes de trânsito entre os órgãos que compõem a segurança pública"".","DISCUSSÃO, PROPOSTA DE EMENDA A CONSTITUIÇÃO (PEC), ALTERAÇÃO, CONSTITUIÇÃO FEDERAL, INCLUSÃO, GUARDA, MUNICIPIOS, AGENTE DE TRANSITO, AMBITO, ORGÃO, SEGURANÇA PUBLICA.",,Eann Styvenson Valentim Mendes,Masculino,1977-02-07,AC,Rio Branco
513022,3830,Davi Alcolumbre,UNIÃO,AP,Sessão Deliberativa Ordinária,Não classificado,2025-04-09,Registro da inauguração do espaço da Bancada Feminina no Senado Federal.,"REGISTRO, INAUGURAÇÃO, ESPAÇO, BANCADA FEMININA, SENADO.",,David Samuel Alcolumbre Tobelem,Masculino,1977-06-19,AP,Macapá
513021,6304,Margareth Buzetti,PSD,MT,Sessão Deliberativa Ordinária,Pela ordem,2025-04-09,Registro da inauguração do espaço da Bancada Feminina no Senado Federal.,"REGISTRO, INAUGURAÇÃO, ESPAÇO, BANCADA FEMININA, SENADO.",,Margareth Gettert Busetti,Feminino,1959-10-31,SC,Concórdia
513020,5979,Leila Barros,PDT,DF,Sessão Deliberativa Ordinária,Pela ordem,2025-04-09,Registro da inauguração do espaço da Bancada Feminina no Senado Federal.,"REGISTRO, INAUGURAÇÃO, ESPAÇO, BANCADA FEMININA, SENADO.",,Leila Gomes de Barros Rêgo,Feminino,1971-09-30,DF,Brasília
513015,5322,Romário,PL,RJ,Sessão Deliberativa Ordinária,Discurso,2025-04-09,"Apelo aos Ministros do STF, durante o julgamento da ADI 7265, pela manutenção da validade da Lei nº 14454/2022, que derrubou o rol taxativo da Agência Nacional de Saúde Suplementar (ANS) e assegura a cobertura, pelos planos de saúde, de tratamentos com eficácia comprovada, ainda que fora da lista oficial.","SOLICITAÇÃO, MINISTRO, SUPREMO TRIBUNAL FEDERAL (STF), JULGAMENTO, AÇÃO DE INCONSTITUCIONALIDADE, LEI FEDERAL, SAUDE SUPLEMENTAR, PLANO DE SAUDE, CRITERIOS, AUTORIZAÇÃO, REALIZAÇÃO, EXAME MEDICO, TRATAMENTO MEDICO, HIPOTESE, AUSENCIA, PREVISÃO, INCLUSÃO, AMBITO, TABELA, RELAÇÃO, COBERTURA, COMPETENCIA, ELABORAÇÃO, AGENCIA NACIONAL DE SAUDE SUPLEMENTAR (ANS).",,Romario de Souza Faria,Masculino,1966-01-29,RJ,Rio de Janeiro
513012,5008,Humberto Costa,PT,PE,Sessão Deliberativa Ordinária,Discurso,2025-04-09,"Exposição sobre a importância da PEC da segurança pública (PEC 18/2025), apresentada pelo Governo Federal.","DEFESA, APROVAÇÃO, PROPOSTA DE EMENDA A CONSTITUIÇÃO (PEC), ALTERAÇÃO, CONSTITUIÇÃO FEDERAL, AUMENTO, ATUAÇÃO, GOVERNO FEDERAL, SEGURANÇA PUBLICA, COMBATE, CRIME, Política Nacional de Segurança Pública e Defesa Social (PNSPDS), Sistema Único de Segurança Pública (SUSP), POLICIA FEDERAL, POLICIA RODOVIARIA FEDERAL, RECURSOS FINANCEIROS, Fundo Nacional de Segurança Pública (FNSP), FUNDO PENITENCIARIO NACIONAL (FUNPEN).",,Humberto Sérgio Costa Lima,Masculino,1957-07-07,SP,Campinas
513011,6338,Teresa Leitão,PT,PE,Sessão Deliberativa Ordinária,Discurso,2025-04-09,"Alerta para o crescente uso da internet por crianças e adolescentes no Brasil, destacando riscos como exposição a conteúdos nocivos, aliciamento e isolamento familiar. Defesa do Projeto de Lei nº 1010/2025, de autoria de S. Exa., que propõe a inclusão da educação midiática e digital no currículo das escolas públicas e privadas.","AUMENTO, UTILIZAÇÃO, INTERNET, CRIANÇA, ADOLESCENTE, BULLYING, VIOLENCIA PSICOLOGICA, DISCURSO DE ODIO, APOIO, PROIBIÇÃO, TELEFONE CELULAR, ESTABELECIMENTO DE ENSINO, ESCOLA.
DEFESA, PROJETO DE LEI, ALTERAÇÃO, LEI FEDERAL, LEI DE DIRETRIZES E BASES DA EDUCAÇÃO NACIONAL, EDUCAÇÃO, COMUNICAÇÃO SOCIAL, TECNOLOGIA DIGITAL, ATIVIDADE, OBRIGATORIEDADE, ESTABELECIMENTO DE ENSINO, ENSINO FUNDAMENTAL, ENSINO MEDIO, ENSINO PUBLICO, INICIATIVA PRIVADA, CRIAÇÃO, NORMAS GERAIS, AMBITO NACIONAL, COMBATE, INFORMAÇÕES, NOTICIA FALSA, DISCURSO DE ODIO, FUNDAMENTAÇÃO, OBJETIVO, PROTEÇÃO, DIREITOS, DADOS PESSOAIS, AUSENCIA, DISCRIMINAÇÃO, LIBERDADE DE PENSAMENTO, PLURALIDADE, DIVERSIDADE, OPINIÃO, CONSCIENTIZAÇÃO, QUALIFICAÇÃO, CORRELAÇÃO, Política Nacional de Educação Digital (PNED).",,Maria Teresa Leitão de Melo,Feminino,1951-10-07,PE,Recife
513010,5502,Plínio Valério,PSDB,AM,Sessão Deliberativa Ordinária,Discurso,2025-04-09,Preocupação com os impactos das enchentes no Estado do Amazonas e críticas à ausência de ações preventivas por parte das autoridades competentes. Indignação com a situação da BR-319 e suas repercussões para o deslocamento dos moradores da região.,"PREOCUPAÇÃO, INUNDAÇÃO, AMAZONIA, ESTADO DO AMAZONAS (AM), PREJUIZO, TRANSPORTE RODOVIARIO, RODOVIA, ISOLAMENTO, POPULAÇÃO, CRITICA, MINISTERIO DA INFRAESTRUTURA, DEPARTAMENTO NACIONAL DE INFRA-ESTRUTURA DOS TRANSPORTES (DNIT), AGENCIA NACIONAL DE TRANSPORTES AQUAVIARIOS (ANTAQ), GOVERNO ESTADUAL.",,Francisco Plínio Valério Tomaz,Masculino,1955-01-31,AM,Eirunepé
513008,825,Paulo Paim,PT,RS,Sessão Deliberativa Ordinária,Discurso,2025-04-09,"Registro do recebimento de correspondência que destaca a necessidade de apoio ao setor audiovisual do Rio Grande do Sul, em virtude da dificuldade na retomada das atividades após as enchentes de 2024.","COMENTARIO, RECEBIMENTO, CORRESPONDENCIA, FEDERAÇÃO, INDUSTRIA, ESTADO DO RIO GRANDE DO SUL (RS), NECESSIDADE, AUXILIO, SETOR, AUDIOVISUAL, CINEMA, FILME, PRORROGAÇÃO, LINHA DE CREDITO.",,Paulo Renato Paim,Masculino,1950-03-15,RS,Caxias do Sul
513005,3806,Zequinha Marinho,PODEMOS,PA,Sessão Deliberativa Ordinária,Pela ordem,2025-04-08,"Registro de oposição à inclusão do Município de Paragominas no processo de privatização da empresa estadual de saneamento do Pará (Cosanpa), com defesa da autarquia municipal Sanepar e anúncio de ações judiciais para impedir o leilão do serviço.","REGISTRO, OPOSIÇÃO, INCLUSÃO, PARAGOMINAS (PA), PROCESSO, PRIVATIZAÇÃO, SANEAMENTO BASICO, SOCIEDADE DE ECONOMIA MISTA, GOVERNO ESTADUAL, COMENTARIO, LEILÃO, ENTIDADE, CRITICA, LEI ESTADUAL, DESTAQUE, ATUAÇÃO, CAMARA MUNICIPAL, PREFEITO, COMBATE, MEDIDA, INGRESSO, AÇÃO JUDICIAL, SUPREMO TRIBUNAL FEDERAL (STF), IMPEDIMENTO, VENDA.",,José da Cruz Marinho,Masculino,1959-09-18,TO,Araguacema
513002,5985,Nelsinho Trad,PSD,MS,Sessão Deliberativa Ordinária,Discussão,2025-04-08,"Discussão sobre o Projeto de Decreto Legislativo (PDL) n° 343, de 2024, que ""Aprova o texto do Protocolo Alterando o Acordo entre o Governo da República Federativa do Brasil e o Governo da República Popular da China destinado a Evitar a Dupla Tributação e Prevenir a Evasão Fiscal em Matéria de Impostos sobre a Renda e o seu Protocolo, celebrados em Pequim, em 5 de agosto de 1991, assinado em Brasília/Pequim, em 23 de maio de 2022.""","DISCUSSÃO, PROJETO DE DECRETO LEGISLATIVO, APROVAÇÃO, TEXTO, ACORDO INTERNACIONAL, PROTOCOLO, ALTERAÇÃO, ACORDO, MATERIA, IMPOSTO DE RENDA, PREVENÇÃO, BITRIBUTAÇÃO, EVASÃO FISCAL, BRASIL, PAIS ESTRANGEIRO, CHINA.",,Nelson Trad Filho,Masculino,1961-09-05,MS,Campo Grande
512999,5736,Tereza Cristina,PP,MS,Sessão Deliberativa Ordinária,Como Relator,2025-04-08,"Como Relator sobre o Projeto de Decreto Legislativo (PDL) n° 343, de 2024, que ""Aprova o texto do Protocolo Alterando o Acordo entre o Governo da República Federativa do Brasil e o Governo da República Popular da China destinado a Evitar a Dupla Tributação e Prevenir a Evasão Fiscal em Matéria de Impostos sobre a Renda e o seu Protocolo, celebrados em Pequim, em 5 de agosto de 1991, assinado em Brasília/Pequim, em 23 de maio de 2022.""","RELATOR, PROJETO DE DECRETO LEGISLATIVO, APROVAÇÃO, TEXTO, ACORDO INTERNACIONAL, PROTOCOLO, ALTERAÇÃO, ACORDO, MATERIA, IMPOSTO DE RENDA, PREVENÇÃO, BITRIBUTAÇÃO, EVASÃO FISCAL, BRASIL, PAIS ESTRANGEIRO, CHINA.",,Tereza Cristina Correa da Costa Dias,Feminino,1954-07-06,MS,Campo Grande
512997,6350,Augusta Brito,PT,CE,Sessão Deliberativa Ordinária,Como Relator,2025-04-08,"Como Relator sobre o Projeto de Lei (PL) n° 1640, de 2022, que ""Institui a Política Nacional de Humanização do Luto Materno e Parental; e altera a Lei nº 6.015, de 31 de dezembro de 1973 (Lei de Registros Públicos), para dispor sobre o registro de criança nascida morta.""","RELATOR, PROJETO DE LEI, ALTERAÇÃO, LEI FEDERAL, REGISTRO PUBLICO, DIREITOS, PAES, NOME, NATIMORTO, CRIAÇÃO, POLITICA NACIONAL, LUTO, MÃE, PAI, MORTE, RECEM NASCIDO, FETO, OBJETIVO, DIRETRIZ, COMPETENCIA.",,Augusta Brito de Paula,Feminino,1976-05-27,CE,Fortaleza
512995,5985,Nelsinho Trad,PSD,MS,Sessão Deliberativa Ordinária,Pela ordem,2025-04-08,"Registro sobre o Dia Mundial de Combate ao Câncer, em 8 de abril, com destaque para a importância da prevenção, do diagnóstico precoce e homenagem a ações de conscientização realizadas em Mato Grosso do Sul.","REGISTRO, DIA INTERNACIONAL, COMBATE, CANCER, DESTAQUE, IMPORTANCIA, PREVENÇÃO, DIAGNOSTICO, HOMENAGEM, AÇÕES, CONSCIENTIZAÇÃO, ESTADO DO MATO GROSSO DO SUL (MS).",,Nelson Trad Filho,Masculino,1961-09-05,MS,Campo Grande
512993,5979,Leila Barros,PDT,DF,Sessão Deliberativa Ordinária,Pela ordem,2025-04-08,"Pela ordem sobre solicitação de inclusão extrapauta do Requerimento (RQS) n° 270, de 2025, que ""Requer a realização de Sessão de Debates Temáticos destinada a discutir as causas do aumento dos casos de feminicídio e discutir soluções para enfrentar de maneira mais adequada os problemas da violência doméstica e familiar contra a mulher e do feminicídio.""","SOLICITAÇÃO, INCLUSÃO, PAUTA, REQUERIMENTO, REALIZAÇÃO, SESSÃO DE DEBATES TEMATICOS, DEBATE, MOTIVO, PROPOSTA, SOLUÇÃO, AUMENTO, FEMINICIDIO, VIOLENCIA DOMESTICA, VITIMA, MULHER.",,Leila Gomes de Barros Rêgo,Feminino,1971-09-30,DF,Brasília
512991,5988,Soraya Thronicke,PODEMOS,MS,Sessão Deliberativa Ordinária,Pela ordem,2025-04-08,"Pela ordem sobre solicitação de inclusão extrapauta do Requerimento (RQS) n° 263, de 2025, que ""Requer a realização de Sessão Especial destinada a celebrar os 10 anos de atuação da Liga do Bem.""","SOLICITAÇÃO, INCLUSÃO, PAUTA, REQUERIMENTO, REALIZAÇÃO, SESSÃO ESPECIAL, CELEBRAÇÃO, ANIVERSARIO DE FUNDAÇÃO, GRUPO, VOLUNTARIO, SERVIDOR, COLABORADOR, SENADO, SOCIEDADE CIVIL, BENEFICIO, COMUNIDADE.",,Soraya Vieira Thronicke,Feminino,1973-06-01,MS,Dourados
512990,6335,Damares Alves,REPUBLICANOS,DF,Sessão Deliberativa Ordinária,Discussão,2025-04-08,"Discussão sobre o Projeto de Lei (PL) n° 1640, de 2022, que ""Institui a Política Nacional de Humanização do Luto Materno e Parental; e altera a Lei nº 6.015, de 31 de dezembro de 1973 (Lei de Registros Públicos), para dispor sobre o registro de criança nascida morta.""","DISCUSSÃO, PROJETO DE LEI, ALTERAÇÃO, LEI FEDERAL, REGISTRO PUBLICO, DIREITOS, PAES, NOME, NATIMORTO, CRIAÇÃO, POLITICA NACIONAL, LUTO, MÃE, PAI, MORTE, RECEM NASCIDO, FETO, OBJETIVO, DIRETRIZ, COMPETENCIA.",,Damares Regina Alves,Feminino,1964-03-11,PR,Paranaguá
512987,5985,Nelsinho Trad,PSD,MS,Sessão Deliberativa Ordinária,Discussão,2025-04-08,"Discussão sobre o Projeto de Lei (PL) n° 1640, de 2022, que ""Institui a Política Nacional de Humanização do Luto Materno e Parental; e altera a Lei nº 6.015, de 31 de dezembro de 1973 (Lei de Registros Públicos), para dispor sobre o registro de criança nascida morta.""","DISCUSSÃO, PROJETO DE LEI, CRIAÇÃO, LEI FEDERAL, POLITICA NACIONAL, LUTO, MÃE, PAI, MORTE, RECEM NASCIDO, FETO, OBJETIVO, DIRETRIZ, COMPETENCIA, ALTERAÇÃO, REGISTRO PUBLICO, DIREITOS, PAES, NOME, NATIMORTO.",,Nelson Trad Filho,Masculino,1961-09-05,MS,Campo Grande
512986,6338,Teresa Leitão,PT,PE,Sessão Deliberativa Ordinária,Discussão,2025-04-08,"Discussão sobre o Projeto de Lei (PL) n° 1640, de 2022, que ""Institui a Política Nacional de Humanização do Luto Materno e Parental; e altera a Lei nº 6.015, de 31 de dezembro de 1973 (Lei de Registros Públicos), para dispor sobre o registro de criança nascida morta.""","DISCUSSÃO, PROJETO DE LEI, CRIAÇÃO, LEI FEDERAL, POLITICA NACIONAL, LUTO, MÃE, PAI, MORTE, RECEM NASCIDO, FETO, OBJETIVO, DIRETRIZ, COMPETENCIA, ALTERAÇÃO, REGISTRO PUBLICO, DIREITOS, PAES, NOME, NATIMORTO.",,Maria Teresa Leitão de Melo,Feminino,1951-10-07,PE,Recife
512984,6350,Augusta Brito,PT,CE,Sessão Deliberativa Ordinária,Como Relator - Para proferir parecer,2025-04-08,"Como Relator - Para proferir parecer sobre o Projeto de Lei (PL) n° 1640, de 2022, que ""Institui a Política Nacional de Humanização do Luto Materno e Parental; e altera a Lei nº 6.015, de 31 de dezembro de 1973 (Lei de Registros Públicos), para dispor sobre o registro de criança nascida morta.""","RELATOR, PARECER, PROJETO DE LEI, CRIAÇÃO, LEI FEDERAL, POLITICA NACIONAL, LUTO, MÃE, PAI, MORTE, RECEM NASCIDO, FETO, OBJETIVO, DIRETRIZ, COMPETENCIA, ALTERAÇÃO, REGISTRO PUBLICO, DIREITOS, PAES, NOME, NATIMORTO.",,Augusta Brito de Paula,Feminino,1976-05-27,CE,Fortaleza
512982,4531,Jayme Campos,UNIÃO,MT,Sessão Deliberativa Ordinária,Comunicação inadiável,2025-04-08,Comemoração dos 306 anos de Cuiabá-MT. Destaque às obras realizadas por S. Exa. enquanto Governador de Mato Grosso e agradecimento à capital pelo apoio recebido durante sua carreira política.,"COMEMORAÇÃO, ANIVERSARIO DE FUNDAÇÃO, CUIABA (MT), DESTAQUE, OBRAS, ORADOR, GESTÃO, EX-GOVERNADOR.",,Jayme Veríssimo de Campos,Masculino,1951-09-13,NA,NA
512980,5985,Nelsinho Trad,PSD,MS,Sessão Deliberativa Ordinária,Pela ordem,2025-04-08,"Considerações sobre a participação de S.Exª. em evento realizado em Campo Grande (MS), promovido pelo Secretário de Educação do estado, para incentivar estudantes da rede pública a participarem do Programa Jovem Senador. Preocupação com o crescente vício dos adolescentes em jogos eletrônicos.","PROJETO DE LEI, ALTERAÇÃO, LEI FEDERAL, LEI DE DIRETRIZES E BASES DA EDUCAÇÃO NACIONAL, ACRESCIMO, DISCIPLINA ESCOLAR, FINANÇAS, ADMINISTRAÇÃO FINANCEIRA, AMBITO, CURRICULO, EDUCAÇÃO BASICA.
REGISTRO, PARTICIPAÇÃO, ORADOR, EVENTO, CAMPO GRANDE (MS), SECRETARIO DE ESTADO, INCENTIVO, ESTUDANTE, ENSINO PUBLICO, PROGRAMA JOVEM SENADOR, PREOCUPAÇÃO, VICIO, ADOLESCENTE, JOGO ELETRONICO.",,Nelson Trad Filho,Masculino,1961-09-05,MS,Campo Grande
512978,6304,Margareth Buzetti,PSD,MT,Sessão Deliberativa Ordinária,Pela ordem,2025-04-08,"Pela ordem sobre o Requerimento da Comissão de Serviços de Infraestrutura (REQ) n° 36, de 2025, que ""Requerimento de urgência para o PL 13/2022, aprovado na 7ª reunião da CI, em 08/04/2025.""","REQUERIMENTO, DELIBERAÇÃO, REUNIÃO, LIDERANÇA, PROJETO DE LEI, CRIAÇÃO, LEI FEDERAL, CRITERIOS, TRANSPORTE, Animal Doméstico, CÃO, GATO, TRANSPORTE AEREO, UTILIZAÇÃO, EQUIPAMENTOS, MONITORAMENTO, LOCALIZAÇÃO.",,Margareth Gettert Busetti,Feminino,1959-10-31,SC,Concórdia
512976,3806,Zequinha Marinho,PODEMOS,PA,Sessão Deliberativa Ordinária,Pela ordem,2025-04-08,"Pela ordem sobre a urgência constante do Requerimento nº 891, de 2024, (Requer urgência para o Projeto de Lei nº 1.769/2019, nos termos dos arts. 336, II, e 338, II, do Regimento Interno do Senado Federal.) ao Projeto de Lei (PL) n° 1769, de 2019, que ""Estabelece definições e características para os produtos derivados de cacau, percentual mínimo de cacau nos chocolates e disciplina a informação do percentual total de cacau nos rótulos desses produtos, nacionais e importados, comercializados em todo o território nacional.""","URGENCIA, PROJETO DE LEI, INFORMAÇÃO, PERCENTAGEM, CACAU, ROTULO, PRODUTO NACIONAL, PRODUTO IMPORTADO, COMERCIALIZAÇÃO, TERRITORIO NACIONAL, DEFINIÇÃO, CARACTERISTICA, UTILIZAÇÃO, PRODUTO, DERIVADOS.",,José da Cruz Marinho,Masculino,1959-09-18,TO,Araguacema
512975,5990,Carlos Viana,PODEMOS,MG,Sessão Deliberativa Ordinária,Pela ordem,2025-04-08,"Solidariedade às famílias das vítimas do acidente ocorrido com um ônibus na MG-223, no trecho situado em Minas Gerais, entre Tupaciguara e Araguari, na madrugada de terça-feira, 8 de abril de 2025.","SOLIDARIEDADE, FAMILIA, VITIMA, ACIDENTE DE TRANSITO, ONIBUS, TOMBAMENTO, RODOVIA, ESTADO DE MINAS GERAIS (MG), TUPACIGUARA (MG), ARAGUARI (MG).",,Carlos Alberto Dias Viana,Masculino,1963-03-22,NA,NA
512974,5386,Professora Dorinha Seabra,UNIÃO,TO,Sessão Deliberativa Ordinária,Discussão,2025-04-08,"Discussão sobre a Proposta de Emenda à Constituição (PEC) n° 37, de 2022, que ""Modifica o art. 144 da Constituição Federal, a fim de incluir as guardas municipais e os agentes de trânsito entre os órgãos que compõem a segurança pública.""","DISCUSSÃO, PROPOSTA DE EMENDA A CONSTITUIÇÃO (PEC), ALTERAÇÃO, CONSTITUIÇÃO FEDERAL, INCLUSÃO, GUARDA, MUNICIPIOS, AGENTE DE TRANSITO, AMBITO, ORGÃO, SEGURANÇA PUBLICA.",,Maria Auxiliadora Seabra Rezende,Feminino,1964-10-01,GO,Goiânia
512973,6331,Sergio Moro,UNIÃO,PR,Sessão Deliberativa Ordinária,Discussão,2025-04-08,"Discussão sobre a Proposta de Emenda à Constituição (PEC) n° 37, de 2022, que ""Modifica o art. 144 da Constituição Federal, a fim de incluir as guardas municipais e os agentes de trânsito entre os órgãos que compõem a segurança pública.""","DISCUSSÃO, PROPOSTA DE EMENDA A CONSTITUIÇÃO (PEC), ALTERAÇÃO, CONSTITUIÇÃO FEDERAL, INCLUSÃO, GUARDA, MUNICIPIOS, AGENTE DE TRANSITO, AMBITO, ORGÃO, SEGURANÇA PUBLICA.",,Sergio Fernando Moro,Masculino,1972-08-01,PR,Maringá
512972,4642,Efraim Filho,UNIÃO,PB,Sessão Deliberativa Ordinária,Como Relator,2025-04-08,"Como Relator sobre a Proposta de Emenda à Constituição (PEC) n° 37, de 2022, que ""Modifica o art. 144 da Constituição Federal, a fim de incluir as guardas municipais e os agentes de trânsito entre os órgãos que compõem a segurança pública.""","RELATOR, PROPOSTA DE EMENDA A CONSTITUIÇÃO (PEC), DISCUSSÃO, ALTERAÇÃO, CONSTITUIÇÃO FEDERAL, INCLUSÃO, GUARDA, MUNICIPIOS, AGENTE DE TRANSITO, AMBITO, ORGÃO, SEGURANÇA PUBLICA.",,Efraim de Araújo Morais Filho,Masculino,1979-03-18,PB,João Pessoa
512971,5748,Veneziano Vital do Rêgo,MDB,PB,Sessão Deliberativa Ordinária,Discussão,2025-04-08,"Discussão sobre a Proposta de Emenda à Constituição (PEC) n° 37, de 2022, que ""Modifica o art. 144 da Constituição Federal, a fim de incluir as guardas municipais e os agentes de trânsito entre os órgãos que compõem a segurança pública.""","DISCUSSÃO, PROPOSTA DE EMENDA A CONSTITUIÇÃO (PEC), ALTERAÇÃO, CONSTITUIÇÃO FEDERAL, INCLUSÃO, GUARDA, MUNICIPIOS, AGENTE DE TRANSITO, AMBITO, ORGÃO, SEGURANÇA PUBLICA.",,Veneziano Vital do Rêgo Segundo Neto,Masculino,1970-07-17,PB,Campina Grande
512969,5973,Cid Gomes,PSB,CE,Sessão Deliberativa Ordinária,Pela ordem,2025-04-08,"Pela ordem sobre a Proposta de Emenda à Constituição (PEC) n° 2, de 2016, que ""Altera o art. 6º da Constituição da República, para incluir, dentre os direitos sociais, o direito ao saneamento básico.""","PROPOSTA DE EMENDA A CONSTITUIÇÃO (PEC), ALTERAÇÃO, CONSTITUIÇÃO FEDERAL, DIREITOS E GARANTIAS FUNDAMENTAIS, DIREITOS SOCIAIS, SANEAMENTO BASICO, CORRELAÇÃO, SAUDE, PREVENÇÃO, DOENÇA.",,Cid Ferreira Gomes,Masculino,1963-04-27,CE,Sobral
512967,5894,Flávio Bolsonaro,PL,RJ,Sessão Deliberativa Ordinária,Pela ordem,2025-04-08,"Pela ordem sobre a Proposta de Emenda à Constituição (PEC) n° 2, de 2016, que ""Altera o art. 6º da Constituição da República, para incluir, dentre os direitos sociais, o direito ao saneamento básico.""","PROPOSTA DE EMENDA A CONSTITUIÇÃO (PEC), ALTERAÇÃO, CONSTITUIÇÃO FEDERAL, DIREITOS E GARANTIAS FUNDAMENTAIS, DIREITOS SOCIAIS, SANEAMENTO BASICO, CORRELAÇÃO, SAUDE, PREVENÇÃO, DOENÇA.",,Flávio Nantes Bolsonaro,Masculino,1981-04-30,RJ,Rio de Janeiro
512966,5672,Alan Rick,UNIÃO,AC,Sessão Deliberativa Ordinária,Orientação à bancada,2025-04-08,"Orientação à bancada, pelo Partido UNIÃO, sobre a Proposta de Emenda à Constituição (PEC) n° 2, de 2016, que ""Altera o art. 6º da Constituição da República, para incluir, dentre os direitos sociais, o direito ao saneamento básico.""","ORIENTAÇÃO, BANCADA, PROPOSTA DE EMENDA A CONSTITUIÇÃO (PEC), ALTERAÇÃO, CONSTITUIÇÃO FEDERAL, DIREITOS E GARANTIAS FUNDAMENTAIS, DIREITOS SOCIAIS, SANEAMENTO BASICO, CORRELAÇÃO, SAUDE, PREVENÇÃO, DOENÇA.",,Alan Rick Miranda,Masculino,1976-10-23,AC,Rio Branco
512965,5523,Otto Alencar,PSD,BA,Sessão Deliberativa Ordinária,Orientação à bancada,2025-04-08,"Orientação à bancada sobre a Proposta de Emenda à Constituição (PEC) n° 2, de 2016, que ""Altera o art. 6º da Constituição da República, para incluir, dentre os direitos sociais, o direito ao saneamento básico.""","ORIENTAÇÃO, BANCADA, PROPOSTA DE EMENDA A CONSTITUIÇÃO (PEC), ALTERAÇÃO, CONSTITUIÇÃO FEDERAL, DIREITOS E GARANTIAS FUNDAMENTAIS, DIREITOS SOCIAIS, SANEAMENTO BASICO, CORRELAÇÃO, SAUDE, PREVENÇÃO, DOENÇA.",,Otto Roberto Mendonça de Alencar,Masculino,1947-08-28,BA,Ruy Barbosa
512963,5736,Tereza Cristina,PP,MS,Sessão Deliberativa Ordinária,Orientação à bancada,2025-04-08,"Orientação à bancada, pelo Partido PP, sobre a Proposta de Emenda à Constituição (PEC) n° 2, de 2016, que ""Altera o art. 6º da Constituição da República, para incluir, dentre os direitos sociais, o direito ao saneamento básico.""","ORIENTAÇÃO, BANCADA, PROPOSTA DE EMENDA A CONSTITUIÇÃO (PEC), ALTERAÇÃO, CONSTITUIÇÃO FEDERAL, DIREITOS E GARANTIAS FUNDAMENTAIS, DIREITOS SOCIAIS, SANEAMENTO BASICO, CORRELAÇÃO, SAUDE, PREVENÇÃO, DOENÇA.",,Tereza Cristina Correa da Costa Dias,Feminino,1954-07-06,MS,Campo Grande
512962,4770,Izalci Lucas,PL,DF,Sessão Deliberativa Ordinária,Orientação à bancada,2025-04-08,"Orientação à bancada, pelo Partido PL, sobre a Proposta de Emenda à Constituição (PEC) n° 2, de 2016, que ""Altera o art. 6º da Constituição da República, para incluir, dentre os direitos sociais, o direito ao saneamento básico.""","ORIENTAÇÃO, BANCADA, PROPOSTA DE EMENDA A CONSTITUIÇÃO (PEC), ALTERAÇÃO, CONSTITUIÇÃO FEDERAL, DIREITOS E GARANTIAS FUNDAMENTAIS, DIREITOS SOCIAIS, SANEAMENTO BASICO, CORRELAÇÃO, SAUDE, PREVENÇÃO, DOENÇA.",,Izalci Lucas Ferreira,Masculino,1956-04-07,MG,Araújos
512958,5012,Randolfe Rodrigues,PT,AP,Sessão Deliberativa Ordinária,Pela ordem,2025-04-08,"Pela ordem sobre a Proposta de Emenda à Constituição (PEC) n° 2, de 2016, que ""Altera o art. 6º da Constituição da República, para incluir, dentre os direitos sociais, o direito ao saneamento básico.""","PROPOSTA DE EMENDA A CONSTITUIÇÃO (PEC), ALTERAÇÃO, CONSTITUIÇÃO FEDERAL, DIREITOS E GARANTIAS FUNDAMENTAIS, DIREITOS SOCIAIS, SANEAMENTO BASICO, CORRELAÇÃO, SAUDE, PREVENÇÃO, DOENÇA.
REQUERIMENTO, CRIAÇÃO, COMISSÃO TEMPORARIA, INVESTIGAÇÃO, SITUAÇÃO, BRASILEIROS, PAIS ESTRANGEIRO, BOLIVIA, MORTE, HOMICIDIO, BRASILEIRO NATO, MULHER, ESTUDANTE, MEDICINA.",,Randolph Frederich Rodrigues Alves,Masculino,1972-11-06,PE,Garanhuns
512956,6350,Augusta Brito,PT,CE,Sessão Deliberativa Ordinária,Orientação à bancada,2025-04-08,"Orientação à bancada, pela Liderança da Bancada Feminina, sobre a Proposta de Emenda à Constituição (PEC) n° 2, de 2016, que ""Altera o art. 6º da Constituição da República, para incluir, dentre os direitos sociais, o direito ao saneamento básico.""","ORIENTAÇÃO, BANCADA, PROPOSTA DE EMENDA A CONSTITUIÇÃO (PEC), ALTERAÇÃO, CONSTITUIÇÃO FEDERAL, DIREITOS E GARANTIAS FUNDAMENTAIS, DIREITOS SOCIAIS, SANEAMENTO BASICO, CORRELAÇÃO, SAUDE, PREVENÇÃO, DOENÇA.",,Augusta Brito de Paula,Feminino,1976-05-27,CE,Fortaleza
512955,581,Jaques Wagner,PT,BA,Sessão Deliberativa Ordinária,Orientação à bancada,2025-04-08,"Orientação à bancada, pela Liderança do Governo, sobre a Proposta de Emenda à Constituição (PEC) n° 2, de 2016, que ""Altera o art. 6º da Constituição da República, para incluir, dentre os direitos sociais, o direito ao saneamento básico.""","ORIENTAÇÃO, BANCADA, PROPOSTA DE EMENDA A CONSTITUIÇÃO (PEC), ALTERAÇÃO, CONSTITUIÇÃO FEDERAL, DIREITOS E GARANTIAS FUNDAMENTAIS, DIREITOS SOCIAIS, SANEAMENTO BASICO, CORRELAÇÃO, SAUDE, PREVENÇÃO, DOENÇA.",,Jaques Wagner,Masculino,1951-03-16,RJ,Rio de Janeiro
512954,5748,Veneziano Vital do Rêgo,MDB,PB,Sessão Deliberativa Ordinária,Orientação à bancada,2025-04-08,"Orientação à bancada, pela Liderança da Maioria, sobre a Proposta de Emenda à Constituição (PEC) n° 2, de 2016, que ""Altera o art. 6º da Constituição da República, para incluir, dentre os direitos sociais, o direito ao saneamento básico.""","ORIENTAÇÃO, BANCADA, PROPOSTA DE EMENDA A CONSTITUIÇÃO (PEC), ALTERAÇÃO, CONSTITUIÇÃO FEDERAL, DIREITOS E GARANTIAS FUNDAMENTAIS, DIREITOS SOCIAIS, SANEAMENTO BASICO, CORRELAÇÃO, SAUDE, PREVENÇÃO, DOENÇA.",,Veneziano Vital do Rêgo Segundo Neto,Masculino,1970-07-17,PB,Campina Grande
512953,5502,Plínio Valério,PSDB,AM,Sessão Deliberativa Ordinária,Orientação à bancada,2025-04-08,"Orientação à bancada, pelo Partido PSDB, sobre a Proposta de Emenda à Constituição (PEC) n° 2, de 2016, que ""Altera o art. 6º da Constituição da República, para incluir, dentre os direitos sociais, o direito ao saneamento básico.""","ORIENTAÇÃO, BANCADA, PROPOSTA DE EMENDA A CONSTITUIÇÃO (PEC), ALTERAÇÃO, CONSTITUIÇÃO FEDERAL, DIREITOS E GARANTIAS FUNDAMENTAIS, DIREITOS SOCIAIS, SANEAMENTO BASICO, CORRELAÇÃO, SAUDE, PREVENÇÃO, DOENÇA.",,Francisco Plínio Valério Tomaz,Masculino,1955-01-31,AM,Eirunepé
512952,6341,Hamilton Mourão,REPUBLICANOS,RS,Sessão Deliberativa Ordinária,Orientação à bancada,2025-04-08,"Orientação à bancada, pelo Partido REPUBLICANOS, sobre a Proposta de Emenda à Constituição (PEC) n° 2, de 2016, que ""Altera o art. 6º da Constituição da República, para incluir, dentre os direitos sociais, o direito ao saneamento básico.""","ORIENTAÇÃO, BANCADA, PROPOSTA DE EMENDA A CONSTITUIÇÃO (PEC), ALTERAÇÃO, CONSTITUIÇÃO FEDERAL, DIREITOS E GARANTIAS FUNDAMENTAIS, DIREITOS SOCIAIS, SANEAMENTO BASICO, CORRELAÇÃO, SAUDE, PREVENÇÃO, DOENÇA.",,Antonio Hamilton Martins Mourão,Masculino,1953-08-15,RS,Porto Alegre
512951,4639,Beto Faro,PT,PA,Sessão Deliberativa Ordinária,Orientação à bancada,2025-04-08,"Orientação à bancada, pelo Partido PT, sobre a Proposta de Emenda à Constituição (PEC) n° 2, de 2016, que ""Altera o art. 6º da Constituição da República, para incluir, dentre os direitos sociais, o direito ao saneamento básico.""","ORIENTAÇÃO, BANCADA, PROPOSTA DE EMENDA A CONSTITUIÇÃO (PEC), ALTERAÇÃO, CONSTITUIÇÃO FEDERAL, DIREITOS E GARANTIAS FUNDAMENTAIS, DIREITOS SOCIAIS, SANEAMENTO BASICO, CORRELAÇÃO, SAUDE, PREVENÇÃO, DOENÇA.",,José Roberto Oliveira Faro,Masculino,1969-06-20,PA,Bujaru
512950,5985,Nelsinho Trad,PSD,MS,Sessão Deliberativa Ordinária,Orientação à bancada,2025-04-08,"Orientação à bancada, pelo Partido PSD, sobre a Proposta de Emenda à Constituição (PEC) n° 2, de 2016, que ""Altera o art. 6º da Constituição da República, para incluir, dentre os direitos sociais, o direito ao saneamento básico.""","ORIENTAÇÃO, BANCADA, PROPOSTA DE EMENDA A CONSTITUIÇÃO (PEC), ALTERAÇÃO, CONSTITUIÇÃO FEDERAL, DIREITOS E GARANTIAS FUNDAMENTAIS, DIREITOS SOCIAIS, SANEAMENTO BASICO, CORRELAÇÃO, SAUDE, PREVENÇÃO, DOENÇA.",,Nelson Trad Filho,Masculino,1961-09-05,MS,Campo Grande
512949,4642,Efraim Filho,UNIÃO,PB,Sessão Deliberativa Ordinária,Orientação à bancada,2025-04-08,"Orientação à bancada, pelo Partido UNIÃO, sobre a Proposta de Emenda à Constituição (PEC) n° 2, de 2016, que ""Altera o art. 6º da Constituição da República, para incluir, dentre os direitos sociais, o direito ao saneamento básico.""","ORIENTAÇÃO, BANCADA, PROPOSTA DE EMENDA A CONSTITUIÇÃO (PEC), ALTERAÇÃO, CONSTITUIÇÃO FEDERAL, DIREITOS E GARANTIAS FUNDAMENTAIS, DIREITOS SOCIAIS, SANEAMENTO BASICO, CORRELAÇÃO, SAUDE, PREVENÇÃO, DOENÇA.",,Efraim de Araújo Morais Filho,Masculino,1979-03-18,PB,João Pessoa
512948,5895,Jorge Kajuru,PSB,GO,Sessão Deliberativa Ordinária,Orientação à bancada,2025-04-08,"Orientação à bancada sobre a Proposta de Emenda à Constituição (PEC) n° 2, de 2016, que ""Altera o art. 6º da Constituição da República, para incluir, dentre os direitos sociais, o direito ao saneamento básico.""","ORIENTAÇÃO, BANCADA, PROPOSTA DE EMENDA A CONSTITUIÇÃO (PEC), ALTERAÇÃO, CONSTITUIÇÃO FEDERAL, DIREITOS E GARANTIAS FUNDAMENTAIS, DIREITOS SOCIAIS, SANEAMENTO BASICO, CORRELAÇÃO, SAUDE, PREVENÇÃO, DOENÇA.",,Jorge Kajuru Reis da Costa Nasser,Masculino,1961-01-20,SP,Cajuru
512946,6338,Teresa Leitão,PT,PE,Sessão Deliberativa Ordinária,Pela ordem,2025-04-08,"Considerações sobre o Acampamento Terra Livre, de 7 a 11 de abril, evento que se destina a promover debates, articulações sobre defesa de direitos, em especial demarcação de terras e proteção de territórios.","REGISTRO, EVENTO, MOBILIZAÇÃO, COMUNIDADE INDIGENA, DEFESA, DIREITOS, DEMARCAÇÃO, PROTEÇÃO, TERRAS INDIGENAS, FORMAÇÃO, NATUREZA POLITICA, NATUREZA CULTURAL, UTILIZAÇÃO, RECURSOS NATURAIS, VALORIZAÇÃO, DIVERSIDADE, COMENTARIO, INFRAESTRUTURA, ESCOLA, GRUPO INDIGENA, PLANO NACIONAL DE EDUCAÇÃO (PNE).",,Maria Teresa Leitão de Melo,Feminino,1951-10-07,PE,Recife
512945,6335,Damares Alves,REPUBLICANOS,DF,Sessão Deliberativa Ordinária,Discussão,2025-04-08,"Discussão sobre a Proposta de Emenda à Constituição (PEC) n° 2, de 2016, que ""Altera o art. 6º da Constituição da República, para incluir, dentre os direitos sociais, o direito ao saneamento básico.""","DISCUSSÃO, PROPOSTA DE EMENDA A CONSTITUIÇÃO (PEC), ALTERAÇÃO, CONSTITUIÇÃO FEDERAL, DIREITOS E GARANTIAS FUNDAMENTAIS, DIREITOS SOCIAIS, SANEAMENTO BASICO, CORRELAÇÃO, SAUDE, PREVENÇÃO, DOENÇA.",,Damares Regina Alves,Feminino,1964-03-11,PR,Paranaguá
512943,825,Paulo Paim,PT,RS,Sessão Deliberativa Ordinária,Não classificado,2025-04-08,"Considerações sobre o Requerimento (RQS) n° 267, de 2025, que ""Requer a realização de Sessão Especial destinada a celebrar os 30 anos do Grupo Especial de Fiscalização Móvel do Ministério do Trabalho e Emprego.""","REQUERIMENTO, REALIZAÇÃO, SESSÃO ESPECIAL, CELEBRAÇÃO, ANIVERSARIO DE FUNDAÇÃO, GRUPO ESPECIAL, FISCALIZAÇÃO, MINISTERIO DO TRABALHO E EMPREGO (MTE).
REQUERIMENTO.",,Paulo Renato Paim,Masculino,1950-03-15,RS,Caxias do Sul
512941,825,Paulo Paim,PT,RS,Sessão Deliberativa Ordinária,Pela ordem,2025-04-08,"Pela ordem sobre o Requerimento (RQS) n° 267, de 2025, que ""Requer a realização de Sessão Especial destinada a celebrar os 30 anos do Grupo Especial de Fiscalização Móvel do Ministério do Trabalho e Emprego.""","REQUERIMENTO, REALIZAÇÃO, SESSÃO ESPECIAL, CELEBRAÇÃO, ANIVERSARIO DE FUNDAÇÃO, GRUPO ESPECIAL, FISCALIZAÇÃO, MINISTERIO DO TRABALHO E EMPREGO (MTE).",,Paulo Renato Paim,Masculino,1950-03-15,RS,Caxias do Sul
512938,4694,Rogerio Marinho,PL,RN,Sessão Deliberativa Ordinária,Discussão,2025-04-08,"Discussão sobre a Proposta de Emenda à Constituição (PEC) n° 2, de 2016, que ""Altera o art. 6º da Constituição da República, para incluir, dentre os direitos sociais, o direito ao saneamento básico.""","DISCUSSÃO, PROPOSTA DE EMENDA A CONSTITUIÇÃO (PEC), ALTERAÇÃO, CONSTITUIÇÃO FEDERAL, DIREITOS E GARANTIAS FUNDAMENTAIS, DIREITOS SOCIAIS, SANEAMENTO BASICO, CORRELAÇÃO, SAUDE, PREVENÇÃO, DOENÇA.",,Rogério Simonetti Marinho,Masculino,1963-11-26,RN,Natal
512936,5352,Rogério Carvalho,PT,SE,Sessão Deliberativa Ordinária,Discussão,2025-04-08,"Discussão sobre a Proposta de Emenda à Constituição (PEC) n° 2, de 2016, que ""Altera o art. 6º da Constituição da República, para incluir, dentre os direitos sociais, o direito ao saneamento básico.""","DISCUSSÃO, PROPOSTA DE EMENDA A CONSTITUIÇÃO (PEC), ALTERAÇÃO, CONSTITUIÇÃO FEDERAL, DIREITOS E GARANTIAS FUNDAMENTAIS, DIREITOS SOCIAIS, SANEAMENTO BASICO, CORRELAÇÃO, SAUDE, PREVENÇÃO, DOENÇA.",,Rogério Carvalho Santos,Masculino,1968-08-02,SE,Aracaju
512935,5376,Mara Gabrilli,PSD,SP,Sessão Deliberativa Ordinária,Discussão,2025-04-08,"Discussão sobre a Proposta de Emenda à Constituição (PEC) n° 2, de 2016, que ""Altera o art. 6º da Constituição da República, para incluir, dentre os direitos sociais, o direito ao saneamento básico.""","DISCUSSÃO, PROPOSTA DE EMENDA A CONSTITUIÇÃO (PEC), ALTERAÇÃO, CONSTITUIÇÃO FEDERAL, DIREITOS E GARANTIAS FUNDAMENTAIS, DIREITOS SOCIAIS, SANEAMENTO BASICO, CORRELAÇÃO, SAUDE, PREVENÇÃO, DOENÇA.",,Mara Cristina Gabrilli,Feminino,1967-09-28,SP,São Paulo
512931,5953,Fabiano Contarato,PT,ES,Sessão Deliberativa Ordinária,Discurso,2025-04-08,"Apelo por maior celeridade na tramitação do Projeto de Lei nº 3010/2019, que institui a Política Nacional de Proteção dos Direitos da Pessoa com Fibromialgia.","DISCURSO, SOLICITAÇÃO, CELERIDADE, TRAMITAÇÃO, PROJETO DE LEI, ALTERAÇÃO, LEI FEDERAL, DEFINIÇÃO, DIRETRIZ, ATENDIMENTO, SISTEMA UNICO DE SAUDE (SUS), PACIENTE, TRATAMENTO, DOENÇA CRONICA, FADIGA, EQUIPARAÇÃO, PESSOA COM DEFICIENCIA.
CRITICA, AUSENCIA, IGUALDADE, TRATAMENTO, TRABALHADOR, SALARIO MINIMO, INICIATIVA PRIVADA, REMUNERAÇÃO, SERVIDOR PUBLICO CIVIL, ACESSO, BENEFICIO PREVIDENCIARIO, INSTITUTO NACIONAL DO SEGURO SOCIAL (INSS).",,Fabiano Contarato,Masculino,1966-06-20,ES,Nova Venécia
512930,4770,Izalci Lucas,PL,DF,Sessão Deliberativa Ordinária,Discurso,2025-04-08,"Preocupação com a efetividade do Plano Nacional da Educação, destacando as medidas necessárias para a melhoria da educação pública brasileira.","CRITICA, PLANO NACIONAL DE EDUCAÇÃO (PNE), PREOCUPAÇÃO, ALFABETIZAÇÃO, CRIANÇA, RESULTADO, INSTITUTO NACIONAL DE ESTUDOS E PESQUISAS EDUCACIONAIS ANISIO TEIXEIRA (INEP), ENSINO FUNDAMENTAL, COMPARAÇÃO, ENSINO PUBLICO, DEFESA, AUMENTO, INVESTIMENTO PUBLICO, COMENTARIO, NECESSIDADE, VALORIZAÇÃO, PROFESSOR, SALARIO, INFRAESTRUTURA, ESCOLA, APOIO, APROVAÇÃO, LEI FEDERAL, RESPONSABILIDADE, EDUCAÇÃO, REPUDIO, ABANDONO, ENSINO PROFISSIONALIZANTE, INDIGNAÇÃO, DESCUMPRIMENTO, INVESTIMENTO, PRODUTO INTERNO BRUTO (PIB).
REGISTRO, ATUAÇÃO, CPI da Manipulação de Jogos e Apostas Esportivas (CPIMJAE), PRESENÇA, REUNIÃO, PRESIDENTE, Gabriel Galípolo, COMENTARIO, REMESSA DE VALORES, EXTERIOR, SONEGAÇÃO FISCAL, LAVAGEM DE DINHEIRO, EXPOSIÇÃO, AUSENCIA, COORDENAÇÃO, MINISTERIO DA FAZENDA (MF), CONSELHO DE CONTROLE DE ATIVIDADES FINANCEIRAS (COAF), BANCO CENTRAL DO BRASIL (BACEN), POLICIA FEDERAL, CRITICA, GOVERNO FEDERAL, FALTA, FISCALIZAÇÃO, SOLUÇÃO, UTILIZAÇÃO, RECURSOS FINANCEIROS, BOLSA FAMILIA, APOSTAS ESPORTIVAS.
PREOCUPAÇÃO, FUNDO FINANCEIRO, PENSÃO, FRAUDE, GESTÃO, SUGESTÃO, CPI das ONGs (CPIONGS), INVESTIGAÇÃO, IRREGULARIDADE, INJUSTIÇA, PREVIDENCIA PRIVADA, AGENTE PUBLICO, CAIXA ECONOMICA FEDERAL (CEF), PAGAMENTO, IMPOSTO DE RENDA, APRESENTAÇÃO, REQUERIMENTO, INSTALAÇÃO, COMISSÃO PARLAMENTAR DE INQUERITO (CPI).",,Izalci Lucas Ferreira,Masculino,1956-04-07,MG,Araújos
512929,5924,Oriovisto Guimarães,PSDB,PR,Sessão Deliberativa Ordinária,Discurso,2025-04-08,"Considerações sobre a necessidade de redução dos gastos e do endividamento do Governo Federal, com destaque para o debate na CAE sobre a legislação que limita a dívida pública federal.","REGISTRO, CRISE, ECONOMIA, ETICA, DEFESA, DEBATE, Comissão de Assuntos Econômicos (CAE), LIMITAÇÃO, DIVIDA PUBLICA, DEFICIT, COMENTARIO, RISCOS, AUSENCIA, RESPONSABILIDADE, NATUREZA FISCAL.
DISCURSO, DEFESA, APROVAÇÃO, PROPOSTA DE EMENDA A CONSTITUIÇÃO (PEC), ALTERAÇÃO, CONSTITUIÇÃO FEDERAL, EXTINÇÃO, FORO ESPECIAL, PRERROGATIVA DE FUNÇÃO, CRIME COMUM, ORGANIZAÇÃO, NATUREZA POLITICA, ESTADO, UNIÃO FEDERAL, ESTADOS, MUNICIPIOS.
DISCURSO, DEFESA, APROVAÇÃO, PROPOSTA DE EMENDA A CONSTITUIÇÃO (PEC), ALTERAÇÃO, CONSTITUIÇÃO FEDERAL, VISTA, PRAZO, CONCESSÃO, PEDIDO, MEDIDA CAUTELAR, COMPETENCIA, SUPREMO TRIBUNAL FEDERAL (STF), JULGAMENTO, AÇÃO DE INCONSTITUCIONALIDADE, OMISSÃO, AÇÃO DECLARATORIA DE CONSTITUCIONALIDADE, ARGUIÇÃO DE DESCUMPRIMENTO DE PRECEITO FUNDAMENTAL (ADPF).",,Oriovisto Guimaraes,Masculino,1945-08-12,SP,Batatais
512928,6337,Cleitinho,REPUBLICANOS,MG,Sessão Deliberativa Ordinária,Discurso,2025-04-08,"Defesa da ampliação da faixa de isenção do Imposto de Renda e críticas aos supostos privilégios concedidos aos integrantes dos três Poderes. Indignação com o posicionamento do Ministro do STF Gilmar Mendes acerca da concessão de anistia aos participantes dos atos de 8 de janeiro de 2023, bem como reafirmação do apoio de S. Exa. à referida proposta.","DEFESA, ISENÇÃO, IMPOSTO DE RENDA, CRITICA, PRIVILEGIO, JUDICIARIO, APOIO, GOVERNO FEDERAL, FAVORECIMENTO, POPULAÇÃO, REPUDIO, DENUNCIA, ABUSO, RECURSOS PUBLICOS, VIAGEM, AERONAVE, FORÇA AEREA BRASILEIRA (FAB), QUESTIONAMENTO, SUPREMO TRIBUNAL FEDERAL (STF), ENFASE, MINISTRO, GILMAR MENDES, OPOSIÇÃO, ANISTIA, AUTOR, DEPREDAÇÃO, PATRIMONIO PUBLICO, SEDE, LEGISLATIVO, EXECUTIVO.",,Cleiton Gontijo de Azevedo,Masculino,1982-04-15,MG,Divinópolis
512927,6331,Sergio Moro,UNIÃO,PR,Sessão Deliberativa Ordinária,Discurso,2025-04-08,"Satisfação com a aprovação, na CSP, do Projeto de Lei nº 677/2021, sob relatoria de S. Exa., que prevê como hediondos os crimes de corrupção passiva e ativa.","CELEBRAÇÃO, APROVAÇÃO, Comissão de Segurança Pública (CSP), DISCURSO, PROJETO DE LEI, ALTERAÇÃO, LEI FEDERAL, INCLUSÃO, CORRUPÇÃO ATIVA, CORRUPÇÃO PASSIVA, RELAÇÃO, CRIME HEDIONDO.",,Sergio Fernando Moro,Masculino,1972-08-01,PR,Maringá
512926,6341,Hamilton Mourão,REPUBLICANOS,RS,Sessão Deliberativa Ordinária,Discurso,2025-04-08,Reflexão sobre os impactos geopolíticos e comerciais decorrentes da nova postura do Governo dos Estados Unidos da América e sobre a política externa que o Brasil deveria adotar diante do atual cenário internacional,"REGISTRO, EFEITO, NATUREZA COMERCIAL, PROTECIONISMO, PRESIDENTE, ESTADOS UNIDOS DA AMERICA (EUA), DONALD TRUMP, TARIFA DAS ALFANDEGAS, COMPARAÇÃO, ORDEM ECONOMICA, SEGUNDA GUERRA MUNDIAL, COMENTARIO, RISCOS, AGRONEGOCIO, ENFASE, CAFE, LARANJA, DESTAQUE, ASCENSÃO, ASIA, POLITICA INDUSTRIAL, DEFESA, ATUAÇÃO, BRASIL, INTERESSE, DESVINCULAÇÃO, CHINA.",,Antonio Hamilton Martins Mourão,Masculino,1953-08-15,RS,Porto Alegre
512925,5502,Plínio Valério,PSDB,AM,Sessão Deliberativa Ordinária,Discurso,2025-04-08,"Exposição sobre o Projeto de Lei nº 5066/2020, de autoria de S. Exa., que dispõe sobre o estímulo à pesquisa e à adoção de novas tecnologias na exploração e produção de petróleo, gás natural e outros hidrocarbonetos fluidos, bem como a divisão equânime dos percentuais de recurso para cada região geográfica.","DISCURSO, PROJETO DE LEI, ALTERAÇÃO, LEI FEDERAL, ACRESCIMO, CLAUSULA, CONTRATO, PARTILHA, PRODUÇÃO, OBRIGATORIEDADE, INVESTIMENTO, DESENVOLVIMENTO, PESQUISA, INOVAÇÃO, EXPLORAÇÃO, PETROLEO, GAS NATURAL, HIDROCARBONETO, INCENTIVO, ADOÇÃO, TECNOLOGIA.
DEFESA, REFORMA, PAVIMENTAÇÃO, RODOVIA, MANAUS (AM), PORTO VELHO (RO), CRITICA, ATUAÇÃO, ORGANIZAÇÃO NÃO-GOVERNAMENTAL (ONG), OBSTACULO, OBRAS.
CRITICA, COMPOSIÇÃO, ATUAÇÃO, SUPREMO TRIBUNAL FEDERAL (STF), DEFESA, IMPEACHMENT, MINISTRO, ALEXANDRE DE MORAES, LUIS ROBERTO BARROSO.",,Francisco Plínio Valério Tomaz,Masculino,1955-01-31,AM,Eirunepé
512924,285,Marcio Bittar,UNIÃO,AC,Sessão Deliberativa Ordinária,Discurso,2025-04-08,Defesa da instalação de CPI para investigar supostos prejuízos nos Correios.,"CRITICA, GOVERNO FEDERAL, GESTÃO, EMPRESA ESTATAL, DEFESA, INSTALAÇÃO, COMISSÃO PARLAMENTAR DE INQUERITO (CPI), PREJUIZO, EMPRESA BRASILEIRA DE CORREIOS E TELEGRAFOS (ECT).
DENUNCIA, MINISTERIO PUBLICO, IRREGULARIDADE, PROGRAMA MINHA CASA MINHA VIDA (PMCMV), ESTADO DO ACRE (AC), ENFASE, RIO BRANCO (AC), DIRIGENTE, MOVIMENTO DOS TRABALHADORES SEM TETO (MTST), FALSIFICAÇÃO, DOCUMENTO, NEPOTISMO, DESVIO, ALIMENTOS.
CRITICA, SUPREMO TRIBUNAL FEDERAL (STF), AUSENCIA, RESPONSABILIDADE, NATUREZA FISCAL, AMPLIAÇÃO, BENEFICIO, REPUDIO, MINISTRO, ALEXANDRE DE MORAES, ATIVISMO JUDICIAL, DECLARAÇÃO, NATUREZA POLITICA, INDIGNAÇÃO, PROGRESSISMO, RECUSA, ANISTIA, AUTOR, DEPREDAÇÃO, PATRIMONIO PUBLICO, SEDE, LEGISLATIVO, EXECUTIVO, JUDICIARIO, JANEIRO, COMPARAÇÃO.",,Marcio Miguel Bittar,Masculino,1963-06-28,SP,Franca
512923,5008,Humberto Costa,PT,PE,Sessão Deliberativa Ordinária,Comunicação inadiável,2025-04-08,"Avaliação positiva dos números da economia brasileira sob o Governo do Presidente Lula, com destaque para o crescimento da economia, a diminuição do desemprego, o aumento da renda dos trabalhadores e a recuperação da indústria nacional.","AVALIAÇÃO, GESTÃO, PRESIDENTE DA REPUBLICA, LUIZ INACIO LULA DA SILVA, DADOS, ECONOMIA, POLITICA SOCIAL, INVESTIMENTO, CAPITAL ESTRANGEIRO, CRITICA, ECONOMIA INTERNACIONAL, ENFASE, AÇÕES, PRESIDENTE, ESTADOS UNIDOS DA AMERICA (EUA), DONALD TRUMP, ELOGIO, ATUAÇÃO, BRASIL, COMENTARIO, RESERVAS BANCARIAS, AUMENTO, PRODUTO INTERNO BRUTO (PIB), REDUÇÃO, DESEMPREGO, RECUPERAÇÃO, INDUSTRIA, REGISTRO, PROGRAMA DE ACELERAÇÃO DO CRESCIMENTO (PAC), PROGRAMA MINHA CASA MINHA VIDA (PMCMV), COMBATE, POBREZA, SEGURANÇA ALIMENTAR.",,Humberto Sérgio Costa Lima,Masculino,1957-07-07,SP,Campinas
512922,22,Esperidião Amin,PP,SC,Sessão Deliberativa Ordinária,Discurso,2025-04-08,"Denúncia das condições precárias da BR-101 na região do Morro dos Cavalos-SC, com destaque para a recente explosão de um caminhão que transportava gás inflamável. Críticas a entraves legais e ambientais que impedem melhorias na rodovia e questionamento acerca da legalidade de atos do Governo Federal sobre demarcação de terras. Apelo ao Ministro dos Transportes, Sr. Renan Filho, por providências urgentes.","DENUNCIA, PRECARIEDADE, RODOVIA, TRECHO, ESTADO DE SANTA CATARINA (SC), EXPLOSÃO, CAMINHÃO, ETANOL, COMENTARIO, RESTRIÇÃO, LICENCIAMENTO AMBIENTAL, DEMARCAÇÃO, TERRAS INDIGENAS, AUSENCIA, AUTORIZAÇÃO, OBRAS, DEPARTAMENTO NACIONAL DE INFRA-ESTRUTURA DOS TRANSPORTES (DNIT), CRITICA, ATUAÇÃO, MINISTERIO PUBLICO, FUNDAÇÃO NACIONAL DOS POVOS INDIGENAS (FUNAI), INSTITUTO DO PATRIMONIO HISTORICO E ARTISTICO NACIONAL (IPHAN), TRIBUNAL DE CONTAS DA UNIÃO (TCU), MARCO TEMPORAL.",,Esperidião Amin Helou Filho,Masculino,1947-12-21,SC,Florianópolis
512920,5976,Eduardo Girão,NOVO,CE,Sessão Deliberativa Ordinária,Discurso,2025-04-08,"Apelo à concessão de anistia aos envolvidos nos atos de 8 de janeiro de 2023, e crítica ao Presidente da Câmara dos Deputados, Sr. Hugo Motta, pela suposta mudança de posição sobre o tema.","DISCURSO, DEFESA, APROVAÇÃO, PROJETO DE LEI, CRIAÇÃO, LEI FEDERAL, CONCESSÃO, ANISTIA, ACUSADO, CONDENADO, CRIME, CODIGO PENAL, TENTATIVA, ABOLIÇÃO, ESTADO DEMOCRATICO, GOVERNO, MANIFESTAÇÃO, PRAÇA DOS TRES PODERES, DANOS, PATRIMONIO PUBLICO, QUESTIONAMENTO, PRESIDENTE, CAMARA DOS DEPUTADOS, DEPUTADO FEDERAL, HUGO MOTTA, INCLUSÃO, PAUTA, ORDEM DO DIA.
DISCURSO, SOLICITAÇÃO, CAMARA DOS DEPUTADOS, DELIBERAÇÃO, PROPOSTA DE EMENDA A CONSTITUIÇÃO (PEC), ALTERAÇÃO, CONSTITUIÇÃO FEDERAL, CRIME, POSSE, ENTORPECENTE, DROGA, AUSENCIA, AUTORIZAÇÃO.
DISCURSO, SOLICITAÇÃO, CAMARA DOS DEPUTADOS, DELIBERAÇÃO, PROPOSTA DE EMENDA A CONSTITUIÇÃO (PEC), ALTERAÇÃO, CONSTITUIÇÃO FEDERAL, EXTINÇÃO, FORO ESPECIAL, PRERROGATIVA DE FUNÇÃO, CRIME COMUM, ORGANIZAÇÃO, NATUREZA POLITICA, ESTADO, UNIÃO FEDERAL, ESTADOS, MUNICIPIOS.",,Luis Eduardo Grangeiro Girão,Masculino,1972-09-25,CE,Fortaleza
512918,5895,Jorge Kajuru,PSB,GO,Sessão Deliberativa Ordinária,Discurso,2025-04-08,"Defesa da PEC nº 12/2022, da qual S. Exa. é o primeiro signatário, que propõe o fim da reeleição para cargos do Poder Executivo e define seus mandatos em cinco anos, a partir de
2030.","DISCURSO, DEFESA, APROVAÇÃO, PROPOSTA DE EMENDA A CONSTITUIÇÃO (PEC), ALTERAÇÃO, CONSTITUIÇÃO FEDERAL, PROIBIÇÃO, REELEIÇÃO, PRESIDENTE DA REPUBLICA, GOVERNADOR, PREFEITO, SUCESSOR, AUMENTO, PERIODO, MANDATO ELETIVO.",,Jorge Kajuru Reis da Costa Nasser,Masculino,1961-01-20,SP,Cajuru
512916,825,Paulo Paim,PT,RS,Sessão Deliberativa Ordinária,Discurso,2025-04-08,"Manifestação favorável à PEC nº 148/2015, que propõe a redução da jornada de trabalho semanal sem redução de salário.","DISCURSO, DEFESA, APROVAÇÃO, PROPOSTA DE EMENDA A CONSTITUIÇÃO (PEC), ALTERAÇÃO, CONSTITUIÇÃO FEDERAL, TRABALHO, EMPREGO, DIREITOS SOCIAIS, TRABALHADOR, REDUÇÃO, DURAÇÃO, JORNADA DE TRABALHO, HORARIO DE TRABALHO.",,Paulo Renato Paim,Masculino,1950-03-15,RS,Caxias do Sul
512893,475,Confúcio Moura,MDB,RO,Sessão Não Deliberativa,Discurso,2025-04-07,"Relato sobre os impactos das enchentes do Rio Madeira, em Rondônia, e manifestação de solidariedade à população atingida. Defesa da justa destinação das emendas parlamentares, destacando sua aplicação em áreas como saúde, educação, habitação e apoio a comunidades isoladas.","RELATORIO, IMPACTO AMBIENTAL, INUNDAÇÃO, RIO MADEIRA, ESTADO DE RONDONIA (RO), MANIFESTAÇÃO, SOLIDARIEDADE, POPULAÇÃO, DEFESA, TRANSPARENCIA, RESPONSABILIDADE, JUSTIÇA, DESTINAÇÃO, EMENDA PARLAMENTAR, EMENDA PARLAMENTAR DE TRANSFERENCIA ESPECIAL, DESTAQUE, APLICAÇÃO, AREA, SAUDE, EDUCAÇÃO, HABITAÇÃO, APOIO, COMUNIDADE, COMUNIDADE RIBEIRINHA.",,Confúcio Aires Moura,Masculino,1948-05-16,TO,Dianópolis
512892,5008,Humberto Costa,PT,PE,Sessão Não Deliberativa,Discurso,2025-04-07,"Manifestação contrária à eventual proposta de anistia, pelo Congresso Nacional, aos envolvidos nos atos de 8 de janeiro de 2023, acusados por crimes contra o Estado democrático de direito.","CRITICA, PROPOSIÇÃO, ANISTIA, PESSOA FISICA, PRISÃO, ATO, MANIFESTAÇÃO COLETIVA, JANEIRO, GOLPE DE ESTADO, CRIME POLITICO, CRIME, CRIME CONTRA O PATRIMONIO, CRIME ORGANIZADO.",,Humberto Sérgio Costa Lima,Masculino,1957-07-07,SP,Campinas
512891,5976,Eduardo Girão,NOVO,CE,Sessão Não Deliberativa,Discurso,2025-04-07,Apoio às manifestações em defesa da anistia aos acusados pelos atos de 8 de janeiro de 2023.,"APOIO, ANISTIA, PESSOA FISICA, PRISÃO, ATO, MANIFESTAÇÃO, GOLPE DE ESTADO, JANEIRO.
INDIGNAÇÃO, PARTICIPAÇÃO, PRESIDENTE, SUPREMO TRIBUNAL FEDERAL (STF), LUIS ROBERTO BARROSO, COMITIVA OFICIAL, PRESIDENTE DA REPUBLICA, LUIZ INACIO LULA DA SILVA, CRITICA, POLITICA SOCIO ECONOMICA, GOVERNO FEDERAL.
CRITICA, IRREGULARIDADE, CORRUPÇÃO, GESTÃO, EMPRESA PUBLICA, EMPRESA BRASILEIRA DE CORREIOS E TELEGRAFOS (ECT), DESTAQUE, REQUERIMENTO, INSTALAÇÃO, COMISSÃO PARLAMENTAR DE INQUERITO (CPI).",,Luis Eduardo Grangeiro Girão,Masculino,1972-09-25,CE,Fortaleza
512890,825,Paulo Paim,PT,RS,Sessão Não Deliberativa,Discurso,2025-04-07,"Registro do encontro com representantes sindicais e de frentes trabalhistas para tratar de temas referentes às relações de trabalho. Destaque para o início do ciclo de debates na CCJ sobre a proposta de redução da jornada de trabalho para 36 horas semanais. Convite aos Parlamentares para a sessão em homenagem ao Dia do Trabalhador, que ocorrerá em 9 de maio.","REGISTRO, ENCONTRO, ORADOR, REPRESENTAÇÃO, SINDICATO, ASSUNTO, NATUREZA TRABALHISTA, DESTAQUE, INICIO, DEBATE, Comissão de Constituição, Justiça e Cidadania (CCJ), PROPOSIÇÃO, REDUÇÃO, JORNADA DE TRABALHO, CONVITE, PARLAMENTAR, PARTICIPAÇÃO, SESSÃO, HOMENAGEM, Dia do Trabalho.",,Paulo Renato Paim,Masculino,1950-03-15,RS,Caxias do Sul
512698,5502,Plínio Valério,PSDB,AM,Sessão Deliberativa Extraordinária,Discurso,2025-04-03,"Destaque para a propositura de Ação de Descumprimento de Preceito Fundamental (ADPF), perante o STF, com o objetivo de assegurar a construção da BR-319, que liga as cidades de Manaus-AM a Porto Velho-RO.","REGISTRO, PROPOSIÇÃO, ARGUIÇÃO DE DESCUMPRIMENTO DE PRECEITO FUNDAMENTAL (ADPF), SUPREMO TRIBUNAL FEDERAL (STF), AUTORIZAÇÃO, CONSTRUÇÃO, RODOVIA, LIGAÇÃO, MANAUS (AM), PORTO VELHO (RO).
APOIO, ANISTIA, PESSOA FISICA, PRISÃO, ATO, MANIFESTAÇÃO, JANEIRO, GOLPE DE ESTADO.",,Francisco Plínio Valério Tomaz,Masculino,1955-01-31,AM,Eirunepé
512697,5748,Veneziano Vital do Rêgo,MDB,PB,Sessão Deliberativa Extraordinária,Discurso,2025-04-03,Comentários sobre a participação de S. Exa. no evento em que o Governo Federal apresentou um balanço das conquistas dos últimos dois anos.,"COMENTARIO, PARTICIPAÇÃO, ORADOR, EVENTO, GOVERNO FEDERAL, APRESENTAÇÃO, BALANÇO, ANO CIVIL.
CRITICA, TENTATIVA, EQUIPARAÇÃO, GOLPE DE ESTADO, ATO, JANEIRO, MANIFESTAÇÃO, RESISTENCIA, DITADURA.
DEFESA, TRANSPARENCIA, RESPONSABILIDADE, LEGITIMIDADE, EMENDA PARLAMENTAR, EMENDA PARLAMENTAR DE TRANSFERENCIA ESPECIAL.",,Veneziano Vital do Rêgo Segundo Neto,Masculino,1970-07-17,PB,Campina Grande
512695,6337,Cleitinho,REPUBLICANOS,MG,Sessão Deliberativa Extraordinária,Discurso,2025-04-03,Defesa de anistia aos presos pelos atos de 8 de janeiro de 2023. Manifestação contra a cassação do mandato do Deputado Federal Glauber Braga.,"DEFESA, ANISTIA, PESSOA FISICA, PRISÃO, ATO, MANIFESTAÇÃO COLETIVA, GOLPE DE ESTADO, JANEIRO, MANIFESTAÇÃO, CRITICA, CASSAÇÃO, MANDATO, DEPUTADO FEDERAL, GLAUBER BRAGA.
DENUNCIA, EXCESSO, GASTOS PUBLICOS, LICITAÇÃO, IRREGULARIDADE, CORRUPÇÃO, EMENDA PARLAMENTAR, EMENDA PARLAMENTAR DE TRANSFERENCIA ESPECIAL, SOLICITAÇÃO, TRANSPARENCIA, RESPONSABILIDADE, USO PUBLICO, RECURSOS PUBLICOS.",,Cleiton Gontijo de Azevedo,Masculino,1982-04-15,MG,Divinópolis
512693,6027,Mecias de Jesus,REPUBLICANOS,RR,Sessão Deliberativa Extraordinária,Discurso,2025-04-03,"Defesa do Projeto de Lei nº 1264/2025, de autoria de S.Exa., que revoga o limite de valor do Programa Emergencial de Retomada do Setor de Eventos (Perse).","DEFESA, APROVAÇÃO, PROJETO DE LEI, AUTORIA, ORADOR, ALTERAÇÃO, LEI FEDERAL, REVOGAÇÃO, LIMITAÇÃO, VALOR, RENUNCIA, ARRECADAÇÃO, AMBITO, Programa Emergencial de Retomada do Setor de Eventos (Perse), MEDIDA DE EMERGENCIA, SETOR, EVENTO.",,Antônio Mecias Pereira de Jesus,Masculino,1962-02-08,MA,Graça Aranha
512691,6335,Damares Alves,REPUBLICANOS,DF,Sessão Deliberativa Extraordinária,Discurso,2025-04-03,"Registro de requerimento aprovado na CDH que solicita visita aos presos pelos atos de 8 de janeiro de 2023, com reiteradas tentativas de autorização junto ao Ministro do STF Alexandre de Moraes. Breve histórico do instituto da anistia no Brasil e defesa de ato público em favor dos envolvidos nos eventos citados.","REGISTRO, REQUERIMENTO, APROVAÇÃO, COMISSÃO DE DIREITOS HUMANOS (CDH), SOLICITAÇÃO, VISITA, PESSOA FISICA, PRISÃO, ATO, GOLPE DE ESTADO, JANEIRO, REITERAÇÃO, TENTATIVA, AUTORIZAÇÃO, MINISTRO, SUPREMO TRIBUNAL FEDERAL (STF), ALEXANDRE DE MORAES, RELATORIO, INSTITUTO, ANISTIA, BRASIL, DEFESA.",,Damares Regina Alves,Feminino,1964-03-11,PR,Paranaguá
512690,5976,Eduardo Girão,NOVO,CE,Sessão Deliberativa Extraordinária,Discurso,2025-04-03,Críticas ao Ministro do STF Alexandre de Moraes por suposta injustiça contra a direita e os conservadores.,"CRITICA, MINISTRO, SUPREMO TRIBUNAL FEDERAL (STF), ALEXANDRE DE MORAES, ABUSO DE AUTORIDADE, INJUSTIÇA, PERSEGUIÇÃO, NATUREZA POLITICA, CONSERVADORISMO, REPUDIO, INQUERITO JUDICIAL, NOTICIA FALSA.
CRITICA, PROJETO DE LEI, CRIAÇÃO, LEI FEDERAL, DEFINIÇÃO, NORMAS, DIRETRIZ, LIBERDADE, RESPONSABILIDADE, PUBLICIDADE, MIDIA SOCIAL, SOFTWARE, COMUNICAÇÃO DE MENSAGENS, INTERNET, COMBATE, AUSENCIA, INFORMAÇÃO, DIVERSIDADE, FALSIFICAÇÃO, CONTAS, USUARIO, SERVIÇO, DIVULGAÇÃO, NOTICIA FALSA, SANÇÃO.",,Luis Eduardo Grangeiro Girão,Masculino,1972-09-25,CE,Fortaleza
512689,825,Paulo Paim,PT,RS,Sessão Deliberativa Extraordinária,Pela ordem,2025-04-03,"Pela ordem sobre solicitação de votação do Requerimento (RQS) n° 239, de 2025, que ""Requer a realização de Sessão Especial destinada a celebrar os 200 anos da Confederação do Equador.""","SOLICITAÇÃO, VOTAÇÃO, REQUERIMENTO, REALIZAÇÃO, SESSÃO ESPECIAL, CELEBRAÇÃO, ANIVERSARIO, MOVIMENTO POLITICO, REVOLTA, REGIÃO NORDESTE, LUTA, AUTORITARISMO, DEFESA, IMPLANTAÇÃO, REGIME, REPUBLICA, PERIODO, IMPERIO.",,Paulo Renato Paim,Masculino,1950-03-15,RS,Caxias do Sul
512685,6335,Damares Alves,REPUBLICANOS,DF,Sessão Deliberativa Extraordinária,Como Relator,2025-04-03,"Como Relator sobre o Projeto de Lei (PL) n° 610, de 2021, que ""Institui a Campanha Nacional de Incentivo à Doação de Cabelo a Pessoas Carentes em Tratamento de Câncer e Vítimas de Escalpelamento.""","RELATOR, PROJETO DE LEI, CRIAÇÃO, LEI FEDERAL, CAMPANHA NACIONAL, COMEMORAÇÃO, DATA NACIONAL, INCENTIVO, DOAÇÃO, ORGÃO HUMANO, VITIMA, CANCER, COMPETENCIA, MINISTERIO DA MULHER DA FAMILIA E DOS DIREITOS HUMANOS, COORDENAÇÃO.",,Damares Regina Alves,Feminino,1964-03-11,PR,Paranaguá
512682,5973,Cid Gomes,PSB,CE,Sessão Deliberativa Extraordinária,Como Relator,2025-04-03,"Como Relator sobre o Projeto de Lei (PL) n° 223, de 2023, que ""Acrescenta dispositivo à Lei nº 13.105, de 16 de março de 2015 (Código de Processo Civil), para estabelecer que a gratuidade da justiça não compreende a remuneração do conciliador ou mediador pelo trabalho nas audiências que excederem o percentual referido no § 2º do art. 169 do Código de Processo Civil.""","RELATOR, PROJETO DE LEI, ALTERAÇÃO, CODIGO DE PROCESSO CIVIL, HIPOTESE, RESSALVA, JUSTIÇA GRATUITA, REMUNERAÇÃO, ATIVIDADE PROFISSIONAL, MEDIAÇÃO, CONCILIAÇÃO, TRABALHO, AUDIENCIA DE CONCILIAÇÃO.",,Cid Ferreira Gomes,Masculino,1963-04-27,CE,Sobral
512681,5990,Carlos Viana,PODEMOS,MG,Sessão Deliberativa Extraordinária,Discussão,2025-04-03,"Discussão sobre o Projeto de Lei (PL) n° 223, de 2023, que ""Acrescenta dispositivo à Lei nº 13.105, de 16 de março de 2015 (Código de Processo Civil), para estabelecer que a gratuidade da justiça não compreende a remuneração do conciliador ou mediador pelo trabalho nas audiências que excederem o percentual referido no § 2º do art. 169 do Código de Processo Civil.""","DISCUSSÃO, PROJETO DE LEI, ALTERAÇÃO, CODIGO DE PROCESSO CIVIL, HIPOTESE, RESSALVA, JUSTIÇA GRATUITA, REMUNERAÇÃO, ATIVIDADE PROFISSIONAL, MEDIAÇÃO, CONCILIAÇÃO, TRABALHO, AUDIENCIA DE CONCILIAÇÃO.",,Carlos Alberto Dias Viana,Masculino,1963-03-22,NA,NA
512680,5973,Cid Gomes,PSB,CE,Sessão Deliberativa Extraordinária,Como Relator - Para proferir parecer,2025-04-03,"Como Relator, para proferir parecer sobre o Projeto de Lei (PL) n° 223, de 2023, que ""Acrescenta dispositivo à Lei nº 13.105, de 16 de março de 2015 (Código de Processo Civil), para estabelecer que a gratuidade da justiça não compreende a remuneração do conciliador ou mediador pelo trabalho nas audiências que excederem o percentual referido no § 2º do art. 169 do Código de Processo Civil.""","RELATOR, PARECER, PROJETO DE LEI, ALTERAÇÃO, CODIGO DE PROCESSO CIVIL, HIPOTESE, RESSALVA, JUSTIÇA GRATUITA, REMUNERAÇÃO, ATIVIDADE PROFISSIONAL, MEDIAÇÃO, CONCILIAÇÃO, TRABALHO, AUDIENCIA DE CONCILIAÇÃO.",,Cid Ferreira Gomes,Masculino,1963-04-27,CE,Sobral
512678,825,Paulo Paim,PT,RS,Sessão Deliberativa Extraordinária,Discurso,2025-04-03,"Críticas à política de taxação de produtos importados implementada pelo Presidente dos EUA, Donald Trump. Destaque para a reação do Congresso Nacional com aprovação do Projeto de Lei nº 2088/2023, que permite a reciprocidade tarifária.","CRITICA, POLITICA, TRIBUTAÇÃO, PRODUTO IMPORTADO, IMPLEMENTAÇÃO, PRESIDENTE, PAIS ESTRANGEIRO, ESTADOS UNIDOS DA AMERICA (EUA), DONALD TRUMP, DESTAQUE, ATUAÇÃO, CONGRESSO NACIONAL, APROVAÇÃO, PROJETO DE LEI, AUTORIZAÇÃO, RECIPROCIDADE, TARIFA ADUANEIRA.
DISCURSO, PROJETO DE LEI, ALTERAÇÃO, LEI FEDERAL, POLITICA NACIONAL, MUDANÇA CLIMATICA, IMPORTAÇÃO, BENS, PRODUTO, DISPONIBILIDADE, COMERCIO, AMBITO NACIONAL, REQUISITOS, PAIS ESTRANGEIRO, CRITERIOS, EMISSÃO, GAS, EFEITO ESTUFA, EQUIPARAÇÃO, SITUAÇÃO, BRASIL.",,Paulo Renato Paim,Masculino,1950-03-15,RS,Caxias do Sul
512676,5422,Marcos Rogério,PL,RO,Sessão Deliberativa Extraordinária,Discurso,2025-04-03,"Considerações sobre as concessões de rodovias federais, com destaque para o baixo volume de obras e os altos custos dos pedágios na BR-364, em Rondônia. Registro das diligências que serão realizadas pela CI para fiscalizar as concessões de rodovias, ferrovias, portos e aeroportos no país.","CRITICA, CONCESSÃO, RODOVIA, AUSENCIA, OBRA DE ENGENHARIA, OBRA URBANISTICA, MANUTENÇÃO, AUMENTO, CUSTO, PEDAGIO, ESTADO DE RONDONIA (RO), REGISTRO, REALIZAÇÃO, DILIGENCIA, Comissão de Serviços de Infraestrutura (CI), FISCALIZAÇÃO, CONCESSÃO DE USO, FERROVIA, PORTO, AEROPORTO.",,Marcos Rogério da Silva Brito,Masculino,1978-07-07,NA,NA
512887,5985,Nelsinho Trad,PSD,MS,Sessão Deliberativa Ordinária,Discurso,2025-04-02,"Necessidade de revisão da política de comércio exterior brasileira, frente ao avanço do protecionismo comercial e das tarifas impostas pelo Governo dos Estados Unidos da América, com ênfase para o papel do Congresso Nacional.","NECESSIDADE, REVISÃO, POLITICA, COMERCIO EXTERIOR, BRASIL, TARIFAS, ESTADOS UNIDOS DA AMERICA (EUA), DONALD TRUMP, IMPORTANCIA, ATUAÇÃO, CONGRESSO NACIONAL.",,Nelson Trad Filho,Masculino,1961-09-05,MS,Campo Grande
512886,5979,Leila Barros,PDT,DF,Sessão Deliberativa Ordinária,Discurso,2025-04-02,"Preocupação com a recente aquisição do Banco Master pelo Banco de Brasília (BRB), por se tratar de uma negociação supostamente temerária e com risco futuro para o desenvolvimento econômico e social do Distrito Federal.","PREOCUPAÇÃO, BANCO DE BRASILIA (BRB), AQUISIÇÃO, INSTITUIÇÃO FINANCEIRA, SOLICITAÇÃO, BANCO CENTRAL DO BRASIL (BACEN), FISCALIZAÇÃO, AUDIENCIA PUBLICA, Comissão de Assuntos Econômicos (CAE).
CRITICA, PROJETO DE LEI, GOVERNO DO DISTRITO FEDERAL (GDF), PRIVATIZAÇÃO, FEIRA LIVRE.
APOIO, MOBILIZAÇÃO, MOTORISTA DE APLICATIVO, ENTREGA, MELHORIA, CONDIÇÕES DE TRABALHO, SOLICITAÇÃO, AUDIENCIA PUBLICA, Comissão de Assuntos Sociais (CAS).",,Leila Gomes de Barros Rêgo,Feminino,1971-09-30,DF,Brasília
512885,6331,Sergio Moro,UNIÃO,PR,Sessão Deliberativa Ordinária,Discurso,2025-04-02,"Considerações sobre o início da discussão na CCJ acerca da proposta do novo Código Eleitoral (Projeto de Lei Complementar nº 112/2021), com destaque às disposições do relatório com as quais S. Exa. manifesta discordância.","COMENTARIO, INICIO, DISCUSSÃO, Comissão de Constituição, Justiça e Cidadania (CCJ), PROJETO DE LEI COMPLEMENTAR (PLP), CRIAÇÃO, LEI COMPLEMENTAR, CODIGO ELEITORAL, DEFINIÇÃO, PRINCIPIO JURIDICO, PARTIDO POLITICO, CONTABILIDADE, FINANÇAS, RECEITA, DOAÇÃO, DESPESA, FUNDO PARTIDARIO, PRESTAÇÃO DE CONTAS, ESTABELECIMENTO, FUNDAÇÃO, INSTITUIÇÃO PARTICULAR, ADMINISTRAÇÃO, ORGANIZAÇÃO, ELEIÇÕES, COMPETENCIA, JUSTIÇA ELEITORAL, TRIBUNAL SUPERIOR ELEITORAL (TSE), TRIBUNAL REGIONAL ELEITORAL (TRE), JUIZ ELEITORAL, JUNTA ELEITORAL, MINISTERIO PUBLICO ELEITORAL, ALISTAMENTO ELEITORAL, CADASTRO, DOMICILIO ELEITORAL, SISTEMA MAJORITARIO, SISTEMA PROPORCIONAL, DIREITOS POLITICOS, CONVENÇÃO, COLIGAÇÃO PARTIDARIA, CANDIDATURA, LIMITAÇÃO, REGISTRO, CANDIDATO, SISTEMA ELEITORAL, INFORMATICA, MESA ELEITORAL, LOGISTICA, VOTAÇÃO, TRANSPORTE, ELEITOR, ACESSIBILIDADE, APURAÇÃO, RESULTADO, NULIDADE, FISCALIZAÇÃO, ACOMPANHAMENTO, OBSERVAÇÃO, ENTIDADE INTERNACIONAL, DIPLOMAÇÃO, ARRECADAÇÃO, CUSTEIO, CAMPANHA ELEITORAL, COMERCIALIZAÇÃO, BENS, PRESTAÇÃO DE SERVIÇO, CAPTAÇÃO, RECURSOS FINANCEIROS, PROMOÇÃO, EVENTO, PROPAGANDA ELEITORAL, UTILIZAÇÃO, INTERNET, RADIODIFUSÃO, TELEVISÃO, REMOÇÃO, SUSPENSÃO, CONTEUDO, PODER DE POLICIA, DATA, ELEIÇÃO, DIVULGAÇÃO, PESQUISA, ESTATISTICA, REGULAMENTAÇÃO, INICIATIVA POPULAR, PLEBISCITO, REFERENDO, FIXAÇÃO, HIPOTESE, CASSAÇÃO, FRAUDE, CORRUPÇÃO, ABUSO DE PODER, NORMAS, PROCESSO ELEITORAL.",,Sergio Fernando Moro,Masculino,1972-08-01,PR,Maringá
512884,6342,Jorge Seif,PL,SC,Sessão Deliberativa Ordinária,Discurso,2025-04-02,"Repúdio à atuação do Movimento dos Trabalhadores Rurais sem Terra (MST) pelo suposto planejamento de um movimento Abril Vermelho com ameaça à propriedade privada e à segurança no campo. Críticas à postura do Governo Federal e à vigência do Decreto nº 11637/2023 que, segundo S. Exa, favorecem invasores no processo de seleção para a reforma agrária","REPUDIO, MOVIMENTO DOS TRABALHADORES RURAIS SEM TERRA (MST), INVASÃO, DEFESA, DIREITO, PROPRIEDADE, CRITICA, APOIO, GOVERNO FEDERAL, FORNECIMENTO, ALIMENTOS.
CRITICA, DECRETO FEDERAL, REGULAMENTAÇÃO, PROCESSO, SELEÇÃO, PERMANENCIA, LEGITIMAÇÃO, POSSE, FAMILIA, BENEFICIARIO, PROGRAMA NACIONAL, Reforma Agrária.",,Jorge Seif Júnior,Masculino,1977-05-10,RJ,Rio de Janeiro
512883,5672,Alan Rick,UNIÃO,AC,Sessão Deliberativa Ordinária,Discurso,2025-04-02,"Apresentação do Projeto de Lei nº 1414/2025, que propõe validade indeterminada para a avaliação biopsicossocial em casos de deficiência permanente ou irreversível.","APRESENTAÇÃO, PROJETO DE LEI, ALTERAÇÃO, ESTATUTO DA PESSOA COM DEFICIENCIA, LEI FEDERAL, POLITICA NACIONAL, PROTEÇÃO, PESSOA COM DEFICIENCIA, PRAZO, VALIDADE, AVALIAÇÃO PSICOLOGICA, AVALIAÇÃO, AUTISMO, DOCUMENTO, IDENTIFICAÇÃO.
COMENTARIO, IMPORTANCIA, DIA INTERNACIONAL, AUTISMO, DESTAQUE, INVESTIMENTO, ESTADO DO ACRE (AC), EMENDA PARLAMENTAR, SISTEMA UNICO DE SAUDE (SUS), CRITICA, SECRETARIA DE SAUDE.",,Alan Rick Miranda,Masculino,1976-10-23,AC,Rio Branco
512881,4531,Jayme Campos,UNIÃO,MT,Sessão Deliberativa Ordinária,Comunicação inadiável,2025-04-02,"Satisfação com a aprovação, no âmbito da CRA, do Projeto de Lei nº 1648/2024, de autoria de S. Exa., que aprimora os critérios de cobrança do Imposto sobre Propriedade Territorial Rural (ITR) e expectativa de aprovação desse projeto pelo Plenário do Senado Federal.","COMEMORAÇÃO, APROVAÇÃO, Comissão de Agricultura e Reforma Agrária (CRA), PROJETO DE LEI, ALTERAÇÃO, LEI FEDERAL, Imposto sobre a Propriedade Territorial Rural (ITR), FATO GERADOR, CONTRIBUINTE, BASE DE CALCULO, CRITERIOS, COBRANÇA, VALOR, IMOVEL RURAL, Valor de Terra Nua (VTN), Documento de Informação e Apuração do ITR (DIAT), Documento de Informação e Atualização Cadastral do ITR (DIAC), Declaração do Imposto sobre a Propriedade Territorial Rural (DITR), ALIQUOTA, TABELA, AREA, Grau de Utilização do Imóvel Rural (GU), RECEITA VINCULADA, MELHORIA, ZONA RURAL.",,Jayme Veríssimo de Campos,Masculino,1951-09-13,NA,NA
512880,3830,Davi Alcolumbre,UNIÃO,AP,Sessão Deliberativa Ordinária,Não classificado,2025-04-02,"Registro da visita oficial de S. Exa. ao Japão e ao Vietnã, a convite do Presidente Lula.","REGISTRO, PRESIDENTE, DAVI ALCOLUMBRE, SENADO, VIAGEM, CONVITE, PRESIDENTE DA REPUBLICA, LUIZ INACIO LULA DA SILVA, PAIS ESTRANGEIRO, VIETNÃ, JAPÃO.",,David Samuel Alcolumbre Tobelem,Masculino,1977-06-19,AP,Macapá
512879,581,Jaques Wagner,PT,BA,Sessão Deliberativa Ordinária,Pela Liderança,2025-04-02,"Comemoração dos resultados da viagem oficial do Presidente Lula ao Japão e ao Vietnã, com participação dos Presidentes das Casas Legislativas. Destaque à defesa da democracia, do multilateralismo, da ampliação do comércio exterior e da harmonia institucional entre os Poderes.","COMEMORAÇÃO, VIAGEM, PRESIDENTE DA REPUBLICA, LUIZ INACIO LULA DA SILVA, PAIS ESTRANGEIRO, VIETNÃ, JAPÃO, PRESIDENTE, SENADO, DAVI ALCOLUMBRE, CAMARA DOS DEPUTADOS, HUGO MOTTA.
DEFESA, HARMONIA, PODERES CONSTITUCIONAIS, EQUILIBRIO, DIALOGO.
DEFESA, AMPLIAÇÃO, COMERCIO EXTERIOR.",,Jaques Wagner,Masculino,1951-03-16,RJ,Rio de Janeiro
512876,825,Paulo Paim,PT,RS,Sessão Deliberativa Ordinária,Pela ordem,2025-04-02,"Encaminhamento do Requerimento (RQS) n° 245, de 2025, que ""Requer a realização de Sessão de Debates Temáticos, no dia 28 de abril de 2025, destinada a discutir sobre o papel da ciência, tecnologia e inovação na prevenção e mitigação de futuros desastres e enchentes no Rio Grande do Sul e, na oportunidade, homenagear as vítimas dessa tragédia"".","REQUERIMENTO, REALIZAÇÃO, SESSÃO DE DEBATES TEMATICOS, DEBATE, ATUAÇÃO, PESQUISA CIENTIFICA, TECNOLOGIA, INOVAÇÃO, PREVENÇÃO, COMBATE, DESASTRE, INUNDAÇÃO, ESTADO DO RIO GRANDE DO SUL (RS), CORRELAÇÃO, MUDANÇA CLIMATICA, ENCAMINHAMENTO.",,Paulo Renato Paim,Masculino,1950-03-15,RS,Caxias do Sul
512874,5906,Dra. Eudócia,PL,AL,Sessão Deliberativa Ordinária,Discussão,2025-04-02,"Discussão sobre o Projeto de Lei (PL) n° 4262, de 2020, que ""Altera a Lei nº 12.764, de 27 de dezembro de 2012, que institui a Política Nacional de Proteção dos Direitos da Pessoa com Transtorno do Espectro Autista, para especificar a terapia nutricional a ser aplicada à pessoa com transtorno do espectro autista.""","DISCUSSÃO, PROJETO DE LEI, ALTERAÇÃO, LEI FEDERAL, POLITICA NACIONAL, PROTEÇÃO, DIREITOS, PESSOA COM DEFICIENCIA, AUTISMO, CRITERIOS, NUTRIÇÃO, ALIMENTAÇÃO, ACOMPANHAMENTO, PROFISSIONAL DE SAUDE.",,Eudocia Maria Holanda de Araujo Caldas,Feminino,1964-08-28,AL,Ibateguara
512873,5895,Jorge Kajuru,PSB,GO,Sessão Deliberativa Ordinária,Pela ordem,2025-04-02,"Convite aos demais Senadores para que conheçam o maior instituto de autismo da América Latina, recém-inaugurado em Goiânia (GO).","CONVITE, SENADOR, INAUGURAÇÃO, INSTITUTO, TRATAMENTO MEDICO, AUTISMO, NUTRIÇÃO, ALIMENTO HUMANO.",,Jorge Kajuru Reis da Costa Nasser,Masculino,1961-01-20,SP,Cajuru
512872,6335,Damares Alves,REPUBLICANOS,DF,Sessão Deliberativa Ordinária,Discussão,2025-04-02,"Discussão sobre o Projeto de Lei (PL) n° 4262, de 2020, que ""Altera a Lei nº 12.764, de 27 de dezembro de 2012, que institui a Política Nacional de Proteção dos Direitos da Pessoa com Transtorno do Espectro Autista, para especificar a terapia nutricional a ser aplicada à pessoa com transtorno do espectro autista"".","DISCUSSÃO, PROJETO DE LEI, ALTERAÇÃO, LEI FEDERAL, POLITICA NACIONAL, PROTEÇÃO, DIREITOS, PESSOA COM DEFICIENCIA, AUTISMO, CRITERIOS, NUTRIÇÃO, ALIMENTAÇÃO, ACOMPANHAMENTO, PROFISSIONAL DE SAUDE.",,Damares Regina Alves,Feminino,1964-03-11,PR,Paranaguá
512871,22,Esperidião Amin,PP,SC,Sessão Deliberativa Ordinária,Discussão,2025-04-02,"Discussão sobre o Projeto de Lei (PL) n° 4262, de 2020, que ""Altera a Lei nº 12.764, de 27 de dezembro de 2012, que institui a Política Nacional de Proteção dos Direitos da Pessoa com Transtorno do Espectro Autista, para especificar a terapia nutricional a ser aplicada à pessoa com transtorno do espectro autista"".","DISCUSSÃO, PROJETO DE LEI, ALTERAÇÃO, LEI FEDERAL, POLITICA NACIONAL, PROTEÇÃO, DIREITOS, PESSOA COM DEFICIENCIA, AUTISMO, CRITERIOS, NUTRIÇÃO, ALIMENTAÇÃO, ACOMPANHAMENTO, PROFISSIONAL DE SAUDE.
DISCUSSÃO, VETO (VET), INSTRUMENTO, PAGAMENTO, DIVIDA, Programa de Pleno Pagamento de Dívidas dos Estados (Propag), CESSÃO DE DIREITOS, FUNDO NACIONAL, DESENVOLVIMENTO REGIONAL, ALTERAÇÃO, LEI COMPLEMENTAR, DEVERES, ESTADOS, DISTRITO FEDERAL (DF), DESTINAÇÃO, RECURSOS FINANCEIROS, OPERAÇÃO FINANCEIRA, EXECUÇÃO, OBRAS, INFRAESTRUTURA, LOGISTICA, AUTORIZAÇÃO, AMORTIZAÇÃO, CARATER EXTRAORDINARIO, PRESTAÇÃO DE SERVIÇO, COOPERAÇÃO, ENTE FEDERADO, APRECIAÇÃO, CONGRESSO NACIONAL, VETO PARCIAL, PROJETO DE LEI COMPLEMENTAR (PLP), CRIAÇÃO, PROGRAMA NACIONAL, AJUSTE FISCAL, REVISÃO, CREDOR, UNIÃO FEDERAL, OBJETIVO, AUMENTO, PRODUTIVIDADE, MUDANÇA CLIMATICA, SEGURANÇA PUBLICA, EDUCAÇÃO, ENSINO PROFISSIONALIZANTE, CRITERIOS, ADESÃO, REFINANCIAMENTO, JUROS, MIGRAÇÃO, REGIME DE RECUPERAÇÃO FISCAL, RESSALVA, PROIBIÇÃO, REQUISITOS, LEI DE RESPONSABILIDADE FISCAL, OBRIGATORIEDADE, LIMITAÇÃO, DESPESA, ESTABELECIMENTO, FUNDO FINANCEIRO, FOMENTO, EQUIDADE, PUBLICAÇÃO, BALANÇO, RESULTADO, PROVIDENCIA, FUTURO, DEDUÇÃO, VALOR, PARCELA, OBRA PUBLICA, BENEFICIARIO, PRORROGAÇÃO, ADIAMENTO, CALAMIDADE PUBLICA, EVENTO, CLIMA, REDUÇÃO, TAXA, CONTRATO, RECEBIMENTO, AUSENCIA, COMPENSAÇÃO, PRESERVAÇÃO, PRERROGATIVA, INCORPORAÇÃO, SALDO DEVEDOR, DISPENSA, CUMPRIMENTO, META FISCAL, RELAÇÃO, DESPESA CORRENTE, RECEITA CORRENTE, COMPROMISSO, EXERCICIO FINANCEIRO, PEDIDO, SUSPENSÃO, APLICAÇÃO, DISPOSITIVOS, PRAZO, EXECUTIVO, REGULAMENTAÇÃO, COMPATIBILIDADE, LEI FEDERAL.",,Esperidião Amin Helou Filho,Masculino,1947-12-21,SC,Florianópolis
512870,5793,Dr. Hiran,PP,RR,Sessão Deliberativa Ordinária,Discussão,2025-04-02,"Discussão sobre o Projeto de Lei (PL) n° 4262, de 2020, que ""Altera a Lei nº 12.764, de 27 de dezembro de 2012, que institui a Política Nacional de Proteção dos Direitos da Pessoa com Transtorno do Espectro Autista, para especificar a terapia nutricional a ser aplicada à pessoa com transtorno do espectro autista"".","DISCUSSÃO, PROJETO DE LEI, ALTERAÇÃO, LEI FEDERAL, POLITICA NACIONAL, PROTEÇÃO, DIREITOS, PESSOA COM DEFICIENCIA, AUTISMO, CRITERIOS, NUTRIÇÃO, ALIMENTAÇÃO, ACOMPANHAMENTO, PROFISSIONAL DE SAUDE.",,Hiran Manuel Gonçalves da Silva,Masculino,1957-06-19,AM,Tefé
512869,825,Paulo Paim,PT,RS,Sessão Deliberativa Ordinária,Discussão,2025-04-02,"Discussão sobre o Projeto de Lei (PL) n° 4262, de 2020, que ""Altera a Lei nº 12.764, de 27 de dezembro de 2012, que institui a Política Nacional de Proteção dos Direitos da Pessoa com Transtorno do Espectro Autista, para especificar a terapia nutricional a ser aplicada à pessoa com transtorno do espectro autista"".","DISCUSSÃO, PROJETO DE LEI, ALTERAÇÃO, LEI FEDERAL, POLITICA NACIONAL, PROTEÇÃO, DIREITOS, PESSOA COM DEFICIENCIA, AUTISMO, CRITERIOS, NUTRIÇÃO, ALIMENTAÇÃO, ACOMPANHAMENTO, PROFISSIONAL DE SAUDE.",,Paulo Renato Paim,Masculino,1950-03-15,RS,Caxias do Sul
512868,5895,Jorge Kajuru,PSB,GO,Sessão Deliberativa Ordinária,Discussão,2025-04-02,"Discussão sobre o Projeto de Lei (PL) n° 4262, de 2020, que ""Altera a Lei nº 12.764, de 27 de dezembro de 2012, que institui a Política Nacional de Proteção dos Direitos da Pessoa com Transtorno do Espectro Autista, para especificar a terapia nutricional a ser aplicada à pessoa com transtorno do espectro autista"".","DISCUSSÃO, PROJETO DE LEI, ALTERAÇÃO, LEI FEDERAL, POLITICA NACIONAL, PROTEÇÃO, DIREITOS, PESSOA COM DEFICIENCIA, AUTISMO, CRITERIOS, NUTRIÇÃO, ALIMENTAÇÃO, ACOMPANHAMENTO, PROFISSIONAL DE SAUDE.",,Jorge Kajuru Reis da Costa Nasser,Masculino,1961-01-20,SP,Cajuru
512865,5976,Eduardo Girão,NOVO,CE,Sessão Deliberativa Ordinária,Discurso,2025-04-02,"Questionamentos à decisão do Ministro do STF Gilmar Mendes sobre as eleições para a presidência da Confederação Brasileira de Futebol (CBF), em razão de possíveis conflitos de interesse. Alerta sobre o atual cenário do futebol brasileiro, com destaque para a suposta influência das empresas de apostas esportivas.","CRITICA, DECISÃO JUDICIAL, SUPREMO TRIBUNAL FEDERAL (STF), MINISTRO, GILMAR MENDES, ELEIÇÕES, CONFEDERAÇÃO BRASILEIRA DE FUTEBOL (CBF), PRESIDENTE, EDNALDO RODRIGUES, CONFLITO DE INTERESSES, SUSPEIÇÃO, CONTRATO, INFLUENCIA, CASA DE APOSTA ESPORTIVA.",,Luis Eduardo Grangeiro Girão,Masculino,1972-09-25,CE,Fortaleza
512863,6009,Astronauta Marcos Pontes,PL,SP,Sessão Deliberativa Ordinária,Discurso,2025-04-02,"Defesa do Projeto de Lei nº 1357/2025, de autoria de S. Exa., que revoga o título do Código Penal relativo aos crimes contra o Estado Democrático de Direito, cuja aplicação pelo Judiciário tem resultado em supostos prejuízos à democracia e aos direitos fundamentais.","DEFESA, PROJETO DE LEI, REVOGAÇÃO, TITULO, CODIGO PENAL, DISPOSITIVOS, CRIME, ABOLIÇÃO, ESTADO DEMOCRATICO, ESTADO DE DIREITO, CRITICA, APLICAÇÃO, LEGISLAÇÃO PENAL, SUPREMO TRIBUNAL FEDERAL (STF).",,Marcos Cesar Pontes,Masculino,1963-03-11,SP,Bauru
512861,6337,Cleitinho,REPUBLICANOS,MG,Sessão Deliberativa Ordinária,Discurso,2025-04-02,"Crítica à decisão do Ministro do STF Alexandre de Moraes sobre possível prisão do ex-Presidente da República Jair Bolsonaro e questionamento sobre julgamento, em curso no STF, que pode anular condenações do ex-Ministro Antônio Palocci.","CRITICA, MINISTRO, SUPREMO TRIBUNAL FEDERAL (STF), ALEXANDRE DE MORAES, PEDIDO, MANIFESTAÇÃO, PROCURADORIA GERAL DA REPUBLICA, PRISÃO, EX-PRESIDENTE DA REPUBLICA, JAIR BOLSONARO, TENTATIVA, GOLPE DE ESTADO, JULGAMENTO, ANULAÇÃO, CONDENAÇÃO, EX-MINISTRO DE ESTADO, ANTONIO PALOCCI, MENSALAO.
CRITICA, GASTOS PUBLICOS, LICITAÇÃO, FORÇAS ARMADAS, ALIMENTOS.",,Cleiton Gontijo de Azevedo,Masculino,1982-04-15,MG,Divinópolis
512859,4639,Beto Faro,PT,PA,Sessão Deliberativa Ordinária,Discurso,2025-04-02,"Análise da visita de Estado do Presidente Lula ao Japão e ao Vietnã e destaque aos avanços diplomáticos, comerciais e estratégicos para o Brasil.","REGISTRO, VISITA, PRESIDENTE DA REPUBLICA, LUIZ INACIO LULA DA SILVA, PAIS ESTRANGEIRO, VIETNÃ, JAPÃO, COMERCIO EXTERIOR, EXPORTAÇÃO, COOPERAÇÃO, TECNOLOGIA.
COMENTARIO, AGRONEGOCIO, NECESSIDADE, EQUILIBRIO, EXPORTAÇÃO, SEGURANÇA ALIMENTAR, INVESTIMENTO PUBLICO, CIENCIA E TECNOLOGIA.
HOMENAGEM, ANIVERSARIO DE FUNDAÇÃO, MARABA (PA).",,José Roberto Oliveira Faro,Masculino,1969-06-20,PA,Bujaru
512858,5322,Romário,PL,RJ,Sessão Deliberativa Ordinária,Discurso,2025-04-02,Registro do Dia Mundial de Conscientização do Autismo. Destaque à atuação parlamentar de S. Exa. em favor da inclusão e dos direitos das pessoas com transtorno do espectro autista.,"REGISTRO, DIA INTERNACIONAL, CONSCIENTIZAÇÃO, AUTISMO, DESTAQUE, ATUAÇÃO, INCLUSÃO SOCIAL, ESTATUTO DA PESSOA COM DEFICIENCIA, PROJETO DE LEI, ALTERAÇÃO, LEI FEDERAL, VALIDADE, PRAZO INDETERMINADO, LAUDO TECNICO, ATESTADO, RECONHECIMENTO, PESSOA FISICA.",,Romario de Souza Faria,Masculino,1966-01-29,RJ,Rio de Janeiro
512856,825,Paulo Paim,PT,RS,Sessão Deliberativa Ordinária,Discurso,2025-04-02,"Celebração do Dia Mundial de Conscientização do Autismo, com destaque para os avanços legislativos nesse tema. Apoio ao Projeto de Lei (PL) n° 4262, de 2020, que ""Altera a Lei nº 12.764, de 27 de dezembro de 2012, que institui a Política Nacional de Proteção dos Direitos da Pessoa com Transtorno do Espectro Autista, para especificar a terapia nutricional a ser aplicada à pessoa com transtorno do espectro autista"".","REGISTRO, DIA INTERNACIONAL, AUTISMO, DESTAQUE, LEGISLAÇÃO, ESTATUTO DA PESSOA COM DEFICIENCIA.
APOIO, PROJETO DE LEI, ALTERAÇÃO, LEI FEDERAL, POLITICA NACIONAL, PROTEÇÃO, DIREITOS, PESSOA COM DEFICIENCIA, AUTISMO, CRITERIOS, NUTRIÇÃO, ALIMENTAÇÃO, ACOMPANHAMENTO, PROFISSIONAL DE SAUDE.
COMEMORAÇÃO, ANIVERSARIO, APROVAÇÃO, PROPOSTA DE EMENDA A CONSTITUIÇÃO (PEC), DIREITOS E GARANTIAS TRABALHISTAS, EMPREGADO DOMESTICO.
HOMENAGEM POSTUMA, LUIZA BATISTA PEREIRA, COORDENADOR, FEDERAÇÃO NACIONAL, EMPREGADO DOMESTICO, PRESIDENTE, CONSELHO NACIONAL.",,Paulo Renato Paim,Masculino,1950-03-15,RS,Caxias do Sul
512853,6350,Augusta Brito,PT,CE,Sessão Deliberativa Ordinária,Discurso,2025-04-02,"Exposição sobre o novo formato do Bolsa Família. Destaque para o Programa Acredita, criado pelo Governo Federal em 2023 para fomentar a qualificação profissional, a inclusão produtiva e o acesso ao microcrédito.","COMENTARIO, BENEFICIO, BOLSA FAMILIA, CALCULO, COMBATE, FOME, INSEGURANÇA ALIMENTAR, PROGRAMA, APOIO, EMPREENDEDORISMO, ACESSO, MICROCREDITO.",,Augusta Brito de Paula,Feminino,1976-05-27,CE,Fortaleza
512851,5783,Zenaide Maia,PSD,RN,Sessão Deliberativa Ordinária,Discurso,2025-04-02,"Registro do Dia Mundial da Conscientização do Autismo. Considerações sobre a realidade do diagnóstico do transtorno do espectro autista (TEA) no Brasil, suas implicações para as famílias e as iniciativas que estão em desenvolvimento para facilitar o acesso ao tratamento e ao reconhecimento legal e precoce dessa condição.","REGISTRO, DIA INTERNACIONAL, AUTISMO, INCLUSÃO, DIFICULDADE, TRATAMENTO, DIAGNOSTICO, TRATAMENTO MEDICO, IMPORTANCIA, RECONHECIMENTO, PERMANENCIA, LAUDO MEDICO.",,Zenaide Maia Calado Pereira dos Santos,Feminino,1954-11-27,PB,Brejo do Cruz
512850,5008,Humberto Costa,PT,PE,Sessão Deliberativa Ordinária,Discurso,2025-04-02,"Preocupação com as tarifas comerciais anunciadas pelo Presidente dos Estados Unidos, Sr. Donald Trump, devido aos possíveis prejuízos à economia brasileira. Elogios à aprovação do Projeto de Lei nº 2088/2023, que institui a Lei de Reciprocidade Econômica, autorizando o Poder Executivo a adotar contramedidas comerciais contra países ou blocos econômicos que estabeleçam restrições unilaterais às exportações brasileiras.","PREOCUPAÇÃO, TARIFAS, PAIS ESTRANGEIRO, ESTADOS UNIDOS DA AMERICA (EUA), PRESIDENTE, DONALD TRUMP, PREJUIZO, ECONOMIA, BRASIL.
ELOGIO, APROVAÇÃO, PROJETO DE LEI, ALTERAÇÃO, LEI FEDERAL, POLITICA NACIONAL, MUDANÇA CLIMATICA, IMPORTAÇÃO, BENS, PRODUTO, DISPONIBILIDADE, COMERCIO, AMBITO NACIONAL, REQUISITOS, PAIS ESTRANGEIRO, CRITERIOS, EMISSÃO, GAS, EFEITO ESTUFA, EQUIPARAÇÃO, SITUAÇÃO, BRASIL.",,Humberto Sérgio Costa Lima,Masculino,1957-07-07,SP,Campinas
512849,5502,Plínio Valério,PSDB,AM,Sessão Deliberativa Ordinária,Discurso,2025-04-02,"Apelo em favor da aprovação, na Câmara dos Deputados, do Projeto de Lei nº 2694/2021, de autoria de S. Exa., que isenta a Embrapa do pagamento de taxas e contribuições sobre os seus pedidos de registro e proteção de experimentos de pesquisa, de tecnologias geradas e produtos.","SOLICITAÇÃO, APROVAÇÃO, CAMARA DOS DEPUTADOS, PROJETO DE LEI, CRIAÇÃO, LEI FEDERAL, PEDIDO, REGISTRO, PROTEÇÃO, PESQUISA, PRODUTO, TECNOLOGIA, EMPRESA BRASILEIRA DE PESQUISA AGROPECUARIA (EMBRAPA), ISENÇÃO FISCAL, COBRANÇA, TAXA, AMBITO, Serviço Nacional de Proteção de Cultivares (SNPC), MINISTERIO DA AGRICULTURA PECUARIA E ABASTECIMENTO (MAPA), INSTITUTO NACIONAL DE PROPRIEDADE INDUSTRIAL (INPI), INSTITUTO BRASILEIRO DO MEIO AMBIENTE E DOS RECURSOS NATURAIS RENOVAVEIS (IBAMA), AGENCIA NACIONAL DE VIGILANCIA SANITARIA (ANVISA).",,Francisco Plínio Valério Tomaz,Masculino,1955-01-31,AM,Eirunepé
512848,470,Chico Rodrigues,PSB,RR,Sessão Deliberativa Ordinária,Discurso,2025-04-02,"Satisfação pela aprovação, na CI, do Projeto de Lei nº 5066/2020, de autoria do Senador Plínio Valério, que prevê a redistribuição de recursos de pesquisa, desenvolvimento e inovação (PD&I) no setor de petróleo e gás para as universidades de todas as regiões do Brasil.","COMEMORAÇÃO, APROVAÇÃO, Comissão de Serviços de Infraestrutura (CI), UNIVERSIDADE FEDERAL, PROJETO DE LEI, ALTERAÇÃO, LEI FEDERAL, INCENTIVO, PESQUISA, ADOÇÃO, TECNOLOGIA, EXPLORAÇÃO, PRODUÇÃO, PETROLEO, GAS NATURAL, HIDROCARBONETO, ACRESCIMO, CLAUSULA, CONTRATO, PARTILHA, OBRIGATORIEDADE, INVESTIMENTO, DESENVOLVIMENTO, INOVAÇÃO.",,Francisco de Assis Rodrigues,Masculino,1951-04-23,PE,Recife
512847,22,Esperidião Amin,PP,SC,Sessão Deliberativa Ordinária,Discurso,2025-04-02,"Apelo ao Presidente do Congresso Nacional, Senador Davi Alcolumbre, para que inclua na pauta da próxima sessão a apreciação do Veto nº 5/2025 ao Projeto de Lei Complementar nº 121/2024, que institui o Programa de Pleno Pagamento de Dívidas dos Estados (Propag).","SOLICITAÇÃO, PAUTA, VOTAÇÃO, VETO (VET), PROJETO DE LEI COMPLEMENTAR (PLP), ALTERAÇÃO, LEI FEDERAL, POSSIBILIDADE, EXECUÇÃO, PROJETO DE LEI ORÇAMENTARIA, HIPOTESE, AUSENCIA, APROVAÇÃO, LEI ORÇAMENTARIA ANUAL (LOA), PRAZO LEGAL, SUBSTITUTIVO, CAMARA DOS DEPUTADOS, CRIAÇÃO, LEI COMPLEMENTAR, PROGRAMA NACIONAL, AJUSTE FISCAL, REVISÃO, PAGAMENTO, DIVIDA, ESTADOS, DISTRITO FEDERAL (DF), CREDOR, UNIÃO FEDERAL, CRITERIOS, ADESÃO, REFINANCIAMENTO, JUROS, MIGRAÇÃO, REGIME DE RECUPERAÇÃO FISCAL, RESSALVA, PROIBIÇÃO, REQUISITOS, LEI DE RESPONSABILIDADE FISCAL, OBRIGATORIEDADE, LIMITAÇÃO, DESPESA, ENTE FEDERADO, AUTORIZAÇÃO, ESTABELECIMENTO, FUNDO FINANCEIRO, FOMENTO, EQUIDADE, EXCESSO, RECURSOS FINANCEIROS, COMPENSAÇÃO, CORRELAÇÃO, TUTELA JURISDICIONAL, SUPREMO TRIBUNAL FEDERAL (STF), DESTINAÇÃO, OBRA DE ENGENHARIA, INFRAESTRUTURA, LOGISTICA, OPERAÇÃO FINANCEIRA, PENALIDADE, INDISPONIBILIDADE, OBRIGAÇÃO FINANCEIRA, RESTOS A PAGAR, CONCESSÃO, AUMENTO, BENEFICIO FISCAL, INCENTIVO FISCAL, ASSISTENCIA TECNICA, COOPERAÇÃO FINANCEIRA, INOBSERVANCIA, GASTOS PUBLICOS, PESSOAL, SUBSTITUIÇÃO, TAXA.
PREOCUPAÇÃO, SOLICITAÇÃO, ALEXANDRE DE MORAES, MINISTRO, SUPREMO TRIBUNAL FEDERAL (STF), PROCURADORIA GERAL DA REPUBLICA, PEDIDO, PRISÃO, EX-PRESIDENTE DA REPUBLICA, JAIR BOLSONARO, TENTATIVA, GOLPE DE ESTADO, COMENTARIO, MANIFESTAÇÃO COLETIVA, DEFESA, CRIAÇÃO, LEI FEDERAL, CONCESSÃO, ANISTIA, ACUSADO, CONDENADO, CRIME, CODIGO PENAL, ABOLIÇÃO, ESTADO DEMOCRATICO, GOVERNO, MANIFESTAÇÃO, PRAÇA DOS TRES PODERES, DANOS, PATRIMONIO PUBLICO.",,Esperidião Amin Helou Filho,Masculino,1947-12-21,SC,Florianópolis
512793,5976,Eduardo Girão,NOVO,CE,Sessão Deliberativa Ordinária,Pela ordem,2025-04-01,"Pela ordem sobre a Medida Provisória (MPV) n° 1268, de 2024, que ""Abre crédito extraordinário, em favor dos Ministérios da Justiça e Segurança Pública, da Saúde, do Meio Ambiente e Mudança do Clima, do Desenvolvimento Agrário e Agricultura Familiar, da Integração e do Desenvolvimento Regional, do Desenvolvimento e Assistência Social, Família e Combate à Fome, e da Pesca e Aquicultura, no valor de R$ 938.458.061,00, para os fins que especifica”.","MEDIDA PROVISORIA (MPV), CREDITO EXTRAORDINARIO, UNIÃO FEDERAL, DESTINAÇÃO, MINISTERIO DA JUSTIÇA E SEGURANÇA PUBLICA, MINISTERIO DA SAUDE (MS), MINISTERIO DO MEIO AMBIENTE E MUDANÇA DO CLIMA, MINISTERIO DO DESENVOLVIMENTO AGRARIO E AGRICULTURA FAMILIAR (MDA), MINISTERIO DA INTEGRAÇÃO E DO DESENVOLVIMENTO REGIONAL, MINISTERIO DA PESCA E AQUICULTURA (MPA).",,Luis Eduardo Grangeiro Girão,Masculino,1972-09-25,CE,Fortaleza
512791,4770,Izalci Lucas,PL,DF,Sessão Deliberativa Ordinária,Discussão,2025-04-01,"Discussão sobre a Medida Provisória (MPV) n° 1268, de 2024, que ""Abre crédito extraordinário, em favor dos Ministérios da Justiça e Segurança Pública, da Saúde, do Meio Ambiente e Mudança do Clima, do Desenvolvimento Agrário e Agricultura Familiar, da Integração e do Desenvolvimento Regional, do Desenvolvimento e Assistência Social, Família e Combate à Fome, e da Pesca e Aquicultura, no valor de R$ 938.458.061,00, para os fins que especifica”.","DISCUSSÃO, MEDIDA PROVISORIA (MPV), CREDITO EXTRAORDINARIO, UNIÃO FEDERAL, DESTINAÇÃO, MINISTERIO DA JUSTIÇA E SEGURANÇA PUBLICA, MINISTERIO DA SAUDE (MS), MINISTERIO DO MEIO AMBIENTE E MUDANÇA DO CLIMA, MINISTERIO DO DESENVOLVIMENTO AGRARIO E AGRICULTURA FAMILIAR (MDA), MINISTERIO DA INTEGRAÇÃO E DO DESENVOLVIMENTO REGIONAL, MINISTERIO DA PESCA E AQUICULTURA (MPA).",,Izalci Lucas Ferreira,Masculino,1956-04-07,MG,Araújos
512788,5736,Tereza Cristina,PP,MS,Sessão Deliberativa Ordinária,Como Relator,2025-04-01,"Como Relator sobre o Projeto de Lei (PL) n° 2088, de 2023, que ""Acrescenta o art. 12-A à Lei nº 12.187, de 29 de dezembro de 2009, que institui a Política Nacional sobre Mudança do Clima, para tornar obrigatório o cumprimento de padrões ambientais compatíveis aos do Brasil, para a disponibilização de bens no mercado brasileiro”.","RELATOR, PROJETO DE LEI, ALTERAÇÃO, LEI FEDERAL, POLITICA NACIONAL, MUDANÇA CLIMATICA, IMPORTAÇÃO, BENS, PRODUTO, DISPONIBILIDADE, COMERCIO, AMBITO NACIONAL, REQUISITOS, PAIS ESTRANGEIRO, CRITERIOS, EMISSÃO, GAS, EFEITO ESTUFA, EQUIPARAÇÃO, SITUAÇÃO, BRASIL.",,Tereza Cristina Correa da Costa Dias,Feminino,1954-07-06,MS,Campo Grande
512786,1186,Luis Carlos Heinze,PP,RS,Sessão Deliberativa Ordinária,Pela ordem,2025-04-01,"Pela ordem sobre o Projeto de Lei (PL) n° 2088, de 2023, que ""Acrescenta o art. 12-A à Lei nº 12.187, de 29 de dezembro de 2009, que institui a Política Nacional sobre Mudança do Clima, para tornar obrigatório o cumprimento de padrões ambientais compatíveis aos do Brasil, para a disponibilização de bens no mercado brasileiro”.","PROJETO DE LEI, ALTERAÇÃO, LEI FEDERAL, POLITICA NACIONAL, MUDANÇA CLIMATICA, IMPORTAÇÃO, BENS, PRODUTO, DISPONIBILIDADE, COMERCIO, AMBITO NACIONAL, REQUISITOS, PAIS ESTRANGEIRO, CRITERIOS, EMISSÃO, GAS, EFEITO ESTUFA, EQUIPARAÇÃO, SITUAÇÃO, BRASIL.",,Luis Carlos Heinze,Masculino,1950-09-14,RS,Candelária
512785,5990,Carlos Viana,PODEMOS,MG,Sessão Deliberativa Ordinária,Pela ordem,2025-04-01,Requerimento de inserção em ata de Voto de Aplauso ao empresário mineiro Reginaldo Gil.,"REQUERIMENTO, INSERÇÃO, ATA, SENADO, VOTO DE APLAUSO, EMPRESARIO, BELO HORIZONTE (MG), ESTADO DE MINAS GERAIS (MG), EMPRESA DE PRODUTOS TEXTEIS, IMPORTAÇÃO, CHINA.",,Carlos Alberto Dias Viana,Masculino,1963-03-22,NA,NA
512784,5985,Nelsinho Trad,PSD,MS,Sessão Deliberativa Ordinária,Pela ordem,2025-04-01,"Pela ordem sobre o Projeto de Lei (PL) n° 2088, de 2023, que ""Acrescenta o art. 12-A à Lei nº 12.187, de 29 de dezembro de 2009, que institui a Política Nacional sobre Mudança do Clima, para tornar obrigatório o cumprimento de padrões ambientais compatíveis aos do Brasil, para a disponibilização de bens no mercado brasileiro”.","PROJETO DE LEI, ALTERAÇÃO, LEI FEDERAL, POLITICA NACIONAL, MUDANÇA CLIMATICA, IMPORTAÇÃO, BENS, PRODUTO, DISPONIBILIDADE, COMERCIO, AMBITO NACIONAL, REQUISITOS, PAIS ESTRANGEIRO, CRITERIOS, EMISSÃO, GAS, EFEITO ESTUFA, EQUIPARAÇÃO, SITUAÇÃO, BRASIL.",,Nelson Trad Filho,Masculino,1961-09-05,MS,Campo Grande
512783,4531,Jayme Campos,UNIÃO,MT,Sessão Deliberativa Ordinária,Pela ordem,2025-04-01,"Pela ordem sobre o Projeto de Lei (PL) n° 2088, de 2023, que ""Acrescenta o art. 12-A à Lei nº 12.187, de 29 de dezembro de 2009, que institui a Política Nacional sobre Mudança do Clima, para tornar obrigatório o cumprimento de padrões ambientais compatíveis aos do Brasil, para a disponibilização de bens no mercado brasileiro”.","PROJETO DE LEI, ALTERAÇÃO, LEI FEDERAL, POLITICA NACIONAL, MUDANÇA CLIMATICA, IMPORTAÇÃO, BENS, PRODUTO, DISPONIBILIDADE, COMERCIO, AMBITO NACIONAL, REQUISITOS, PAIS ESTRANGEIRO, CRITERIOS, EMISSÃO, GAS, EFEITO ESTUFA, EQUIPARAÇÃO, SITUAÇÃO, BRASIL.",,Jayme Veríssimo de Campos,Masculino,1951-09-13,NA,NA
512782,5352,Rogério Carvalho,PT,SE,Sessão Deliberativa Ordinária,Pela ordem,2025-04-01,"Pela ordem sobre o Projeto de Lei (PL) n° 2088, de 2023, que ""Acrescenta o art. 12-A à Lei nº 12.187, de 29 de dezembro de 2009, que institui a Política Nacional sobre Mudança do Clima, para tornar obrigatório o cumprimento de padrões ambientais compatíveis aos do Brasil, para a disponibilização de bens no mercado brasileiro”.","PROJETO DE LEI, ALTERAÇÃO, LEI FEDERAL, POLITICA NACIONAL, MUDANÇA CLIMATICA, IMPORTAÇÃO, BENS, PRODUTO, DISPONIBILIDADE, COMERCIO, AMBITO NACIONAL, REQUISITOS, PAIS ESTRANGEIRO, CRITERIOS, EMISSÃO, GAS, EFEITO ESTUFA, EQUIPARAÇÃO, SITUAÇÃO, BRASIL.",,Rogério Carvalho Santos,Masculino,1968-08-02,SE,Aracaju
512781,6304,Margareth Buzetti,PSD,MT,Sessão Deliberativa Ordinária,Orientação à bancada,2025-04-01,"Orientação à bancada, pela Liderança da Bancada Feminina, sobre o Projeto de Lei (PL) n° 2088, de 2023, que ""Acrescenta o art. 12-A à Lei nº 12.187, de 29 de dezembro de 2009, que institui a Política Nacional sobre Mudança do Clima, para tornar obrigatório o cumprimento de padrões ambientais compatíveis aos do Brasil, para a disponibilização de bens no mercado brasileiro”.","ORIENTAÇÃO, BANCADA, PROJETO DE LEI, ALTERAÇÃO, LEI FEDERAL, POLITICA NACIONAL, MUDANÇA CLIMATICA, IMPORTAÇÃO, BENS, PRODUTO, DISPONIBILIDADE, COMERCIO, AMBITO NACIONAL, REQUISITOS, PAIS ESTRANGEIRO, CRITERIOS, EMISSÃO, GAS, EFEITO ESTUFA, EQUIPARAÇÃO, SITUAÇÃO, BRASIL.",,Margareth Gettert Busetti,Feminino,1959-10-31,SC,Concórdia
512780,5748,Veneziano Vital do Rêgo,MDB,PB,Sessão Deliberativa Ordinária,Orientação à bancada,2025-04-01,"Orientação à bancada, pela Liderança da Maioria, sobre o Projeto de Lei (PL) n° 2088, de 2023, que ""Acrescenta o art. 12-A à Lei nº 12.187, de 29 de dezembro de 2009, que institui a Política Nacional sobre Mudança do Clima, para tornar obrigatório o cumprimento de padrões ambientais compatíveis aos do Brasil, para a disponibilização de bens no mercado brasileiro”.","ORIENTAÇÃO, BANCADA, PROJETO DE LEI, ALTERAÇÃO, LEI FEDERAL, POLITICA NACIONAL, MUDANÇA CLIMATICA, IMPORTAÇÃO, BENS, PRODUTO, DISPONIBILIDADE, COMERCIO, AMBITO NACIONAL, REQUISITOS, PAIS ESTRANGEIRO, CRITERIOS, EMISSÃO, GAS, EFEITO ESTUFA, EQUIPARAÇÃO, SITUAÇÃO, BRASIL.",,Veneziano Vital do Rêgo Segundo Neto,Masculino,1970-07-17,PB,Campina Grande
512779,5976,Eduardo Girão,NOVO,CE,Sessão Deliberativa Ordinária,Orientação à bancada,2025-04-01,"Orientação à bancada, pelo Partido NOVO, sobre o Projeto de Lei (PL) n° 2088, de 2023, que ""Acrescenta o art. 12-A à Lei nº 12.187, de 29 de dezembro de 2009, que institui a Política Nacional sobre Mudança do Clima, para tornar obrigatório o cumprimento de padrões ambientais compatíveis aos do Brasil, para a disponibilização de bens no mercado brasileiro”.","ORIENTAÇÃO, BANCADA, PROJETO DE LEI, ALTERAÇÃO, LEI FEDERAL, POLITICA NACIONAL, MUDANÇA CLIMATICA, IMPORTAÇÃO, BENS, PRODUTO, DISPONIBILIDADE, COMERCIO, AMBITO NACIONAL, REQUISITOS, PAIS ESTRANGEIRO, CRITERIOS, EMISSÃO, GAS, EFEITO ESTUFA, EQUIPARAÇÃO, SITUAÇÃO, BRASIL.",,Luis Eduardo Grangeiro Girão,Masculino,1972-09-25,CE,Fortaleza
512778,5411,Weverton,PDT,MA,Sessão Deliberativa Ordinária,Orientação à bancada,2025-04-01,"Orientação à bancada, pelo Partido PDT, sobre o Projeto de Lei (PL) n° 2088, de 2023, que ""Acrescenta o art. 12-A à Lei nº 12.187, de 29 de dezembro de 2009, que institui a Política Nacional sobre Mudança do Clima, para tornar obrigatório o cumprimento de padrões ambientais compatíveis aos do Brasil, para a disponibilização de bens no mercado brasileiro”.","ORIENTAÇÃO, BANCADA, PROJETO DE LEI, ALTERAÇÃO, LEI FEDERAL, POLITICA NACIONAL, MUDANÇA CLIMATICA, IMPORTAÇÃO, BENS, PRODUTO, DISPONIBILIDADE, COMERCIO, AMBITO NACIONAL, REQUISITOS, PAIS ESTRANGEIRO, CRITERIOS, EMISSÃO, GAS, EFEITO ESTUFA, EQUIPARAÇÃO, SITUAÇÃO, BRASIL.",,Weverton Rocha Marques de Sousa,Masculino,1979-10-08,MA,Imperatriz
512777,6027,Mecias de Jesus,REPUBLICANOS,RR,Sessão Deliberativa Ordinária,Orientação à bancada,2025-04-01,"Orientação à bancada, pelo Partido REPUBLICANOS, sobre o Projeto de Lei (PL) n° 2088, de 2023, que ""Acrescenta o art. 12-A à Lei nº 12.187, de 29 de dezembro de 2009, que institui a Política Nacional sobre Mudança do Clima, para tornar obrigatório o cumprimento de padrões ambientais compatíveis aos do Brasil, para a disponibilização de bens no mercado brasileiro”.","ORIENTAÇÃO, BANCADA, PROJETO DE LEI, ALTERAÇÃO, LEI FEDERAL, POLITICA NACIONAL, MUDANÇA CLIMATICA, IMPORTAÇÃO, BENS, PRODUTO, DISPONIBILIDADE, COMERCIO, AMBITO NACIONAL, REQUISITOS, PAIS ESTRANGEIRO, CRITERIOS, EMISSÃO, GAS, EFEITO ESTUFA, EQUIPARAÇÃO, SITUAÇÃO, BRASIL.",,Antônio Mecias Pereira de Jesus,Masculino,1962-02-08,MA,Graça Aranha
512776,5990,Carlos Viana,PODEMOS,MG,Sessão Deliberativa Ordinária,Orientação à bancada,2025-04-01,"Orientação à bancada, pelo Partido PODEMOS, sobre o Projeto de Lei (PL) n° 2088, de 2023, que ""Acrescenta o art. 12-A à Lei nº 12.187, de 29 de dezembro de 2009, que institui a Política Nacional sobre Mudança do Clima, para tornar obrigatório o cumprimento de padrões ambientais compatíveis aos do Brasil, para a disponibilização de bens no mercado brasileiro”.","ORIENTAÇÃO, BANCADA, PROJETO DE LEI, ALTERAÇÃO, LEI FEDERAL, POLITICA NACIONAL, MUDANÇA CLIMATICA, IMPORTAÇÃO, BENS, PRODUTO, DISPONIBILIDADE, COMERCIO, AMBITO NACIONAL, REQUISITOS, PAIS ESTRANGEIRO, CRITERIOS, EMISSÃO, GAS, EFEITO ESTUFA, EQUIPARAÇÃO, SITUAÇÃO, BRASIL.",,Carlos Alberto Dias Viana,Masculino,1963-03-22,NA,NA
512775,3777,Eduardo Gomes,PL,TO,Sessão Deliberativa Ordinária,Orientação à bancada,2025-04-01,"Orientação à bancada, pela Liderança da Oposição, sobre o Projeto de Lei (PL) n° 2088, de 2023, que ""Acrescenta o art. 12-A à Lei nº 12.187, de 29 de dezembro de 2009, que institui a Política Nacional sobre Mudança do Clima, para tornar obrigatório o cumprimento de padrões ambientais compatíveis aos do Brasil, para a disponibilização de bens no mercado brasileiro”.","ORIENTAÇÃO, BANCADA, PROJETO DE LEI, ALTERAÇÃO, LEI FEDERAL, POLITICA NACIONAL, MUDANÇA CLIMATICA, IMPORTAÇÃO, BENS, PRODUTO, DISPONIBILIDADE, COMERCIO, AMBITO NACIONAL, REQUISITOS, PAIS ESTRANGEIRO, CRITERIOS, EMISSÃO, GAS, EFEITO ESTUFA, EQUIPARAÇÃO, SITUAÇÃO, BRASIL.",,Carlos Eduardo Torres Gomes,Masculino,1966-04-28,SE,Estância
512774,5736,Tereza Cristina,PP,MS,Sessão Deliberativa Ordinária,Orientação à bancada,2025-04-01,"Orientação à bancada, pelo Partido PP, sobre o Projeto de Lei (PL) n° 2088, de 2023, que ""Acrescenta o art. 12-A à Lei nº 12.187, de 29 de dezembro de 2009, que institui a Política Nacional sobre Mudança do Clima, para tornar obrigatório o cumprimento de padrões ambientais compatíveis aos do Brasil, para a disponibilização de bens no mercado brasileiro”.","ORIENTAÇÃO, BANCADA, PROJETO DE LEI, ALTERAÇÃO, LEI FEDERAL, POLITICA NACIONAL, MUDANÇA CLIMATICA, IMPORTAÇÃO, BENS, PRODUTO, DISPONIBILIDADE, COMERCIO, AMBITO NACIONAL, REQUISITOS, PAIS ESTRANGEIRO, CRITERIOS, EMISSÃO, GAS, EFEITO ESTUFA, EQUIPARAÇÃO, SITUAÇÃO, BRASIL.",,Tereza Cristina Correa da Costa Dias,Feminino,1954-07-06,MS,Campo Grande
512773,4642,Efraim Filho,UNIÃO,PB,Sessão Deliberativa Ordinária,Orientação à bancada,2025-04-01,"Orientação à bancada, pelo Partido UNIÃO, sobre o Projeto de Lei (PL) n° 2088, de 2023, que ""Acrescenta o art. 12-A à Lei nº 12.187, de 29 de dezembro de 2009, que institui a Política Nacional sobre Mudança do Clima, para tornar obrigatório o cumprimento de padrões ambientais compatíveis aos do Brasil, para a disponibilização de bens no mercado brasileiro”.","ORIENTAÇÃO, BANCADA, PROJETO DE LEI, ALTERAÇÃO, LEI FEDERAL, POLITICA NACIONAL, MUDANÇA CLIMATICA, IMPORTAÇÃO, BENS, PRODUTO, DISPONIBILIDADE, COMERCIO, AMBITO NACIONAL, REQUISITOS, PAIS ESTRANGEIRO, CRITERIOS, EMISSÃO, GAS, EFEITO ESTUFA, EQUIPARAÇÃO, SITUAÇÃO, BRASIL.",,Efraim de Araújo Morais Filho,Masculino,1979-03-18,PB,João Pessoa
512772,581,Jaques Wagner,PT,BA,Sessão Deliberativa Ordinária,Orientação à bancada,2025-04-01,"Orientação à bancada, pelo Partido PT, sobre o Projeto de Lei (PL) n° 2088, de 2023, que ""Acrescenta o art. 12-A à Lei nº 12.187, de 29 de dezembro de 2009, que institui a Política Nacional sobre Mudança do Clima, para tornar obrigatório o cumprimento de padrões ambientais compatíveis aos do Brasil, para a disponibilização de bens no mercado brasileiro”.","ORIENTAÇÃO, BANCADA, PROJETO DE LEI, ALTERAÇÃO, LEI FEDERAL, POLITICA NACIONAL, MUDANÇA CLIMATICA, IMPORTAÇÃO, BENS, PRODUTO, DISPONIBILIDADE, COMERCIO, AMBITO NACIONAL, REQUISITOS, PAIS ESTRANGEIRO, CRITERIOS, EMISSÃO, GAS, EFEITO ESTUFA, EQUIPARAÇÃO, SITUAÇÃO, BRASIL.",,Jaques Wagner,Masculino,1951-03-16,RJ,Rio de Janeiro
512771,4994,Eduardo Braga,MDB,AM,Sessão Deliberativa Ordinária,Orientação à bancada,2025-04-01,"Orientação à bancada, pelo Partido MDB, sobre o Projeto de Lei (PL) n° 2088, de 2023, que ""Acrescenta o art. 12-A à Lei nº 12.187, de 29 de dezembro de 2009, que institui a Política Nacional sobre Mudança do Clima, para tornar obrigatório o cumprimento de padrões ambientais compatíveis aos do Brasil, para a disponibilização de bens no mercado brasileiro”.","ORIENTAÇÃO, BANCADA, PROJETO DE LEI, ALTERAÇÃO, LEI FEDERAL, POLITICA NACIONAL, MUDANÇA CLIMATICA, IMPORTAÇÃO, BENS, PRODUTO, DISPONIBILIDADE, COMERCIO, AMBITO NACIONAL, REQUISITOS, PAIS ESTRANGEIRO, CRITERIOS, EMISSÃO, GAS, EFEITO ESTUFA, EQUIPARAÇÃO, SITUAÇÃO, BRASIL.",,Carlos Eduardo de Souza Braga,Masculino,1960-12-06,PA,Belém
512770,6340,Jaime Bagattoli,PL,RO,Sessão Deliberativa Ordinária,Orientação à bancada,2025-04-01,"Orientação à bancada, pelo Partido PL, sobre o Projeto de Lei (PL) n° 2088, de 2023, que ""Acrescenta o art. 12-A à Lei nº 12.187, de 29 de dezembro de 2009, que institui a Política Nacional sobre Mudança do Clima, para tornar obrigatório o cumprimento de padrões ambientais compatíveis aos do Brasil, para a disponibilização de bens no mercado brasileiro”.","ORIENTAÇÃO, BANCADA, PROJETO DE LEI, ALTERAÇÃO, LEI FEDERAL, POLITICA NACIONAL, MUDANÇA CLIMATICA, IMPORTAÇÃO, BENS, PRODUTO, DISPONIBILIDADE, COMERCIO, AMBITO NACIONAL, REQUISITOS, PAIS ESTRANGEIRO, CRITERIOS, EMISSÃO, GAS, EFEITO ESTUFA, EQUIPARAÇÃO, SITUAÇÃO, BRASIL.",,Jaime Maximino Bagattoli,Masculino,1961-04-26,SC,Presidente Getúlio
512769,5525,Omar Aziz,PSD,AM,Sessão Deliberativa Ordinária,Orientação à bancada,2025-04-01,"Orientação à bancada, pelo Partido PSD, sobre o Projeto de Lei (PL) n° 2088, de 2023, que ""Acrescenta o art. 12-A à Lei nº 12.187, de 29 de dezembro de 2009, que institui a Política Nacional sobre Mudança do Clima, para tornar obrigatório o cumprimento de padrões ambientais compatíveis aos do Brasil, para a disponibilização de bens no mercado brasileiro”.","ORIENTAÇÃO, BANCADA, PROJETO DE LEI, ALTERAÇÃO, LEI FEDERAL, POLITICA NACIONAL, MUDANÇA CLIMATICA, IMPORTAÇÃO, BENS, PRODUTO, DISPONIBILIDADE, COMERCIO, AMBITO NACIONAL, REQUISITOS, PAIS ESTRANGEIRO, CRITERIOS, EMISSÃO, GAS, EFEITO ESTUFA, EQUIPARAÇÃO, SITUAÇÃO, BRASIL.",,Omar José Abdel Aziz,Masculino,1958-08-13,SP,Garça
512767,22,Esperidião Amin,PP,SC,Sessão Deliberativa Ordinária,Pela ordem,2025-04-01,"Pela ordem sobre o Projeto de Lei (PL) n° 2088, de 2023, que ""Acrescenta o art. 12-A à Lei nº 12.187, de 29 de dezembro de 2009, que institui a Política Nacional sobre Mudança do Clima, para tornar obrigatório o cumprimento de padrões ambientais compatíveis aos do Brasil, para a disponibilização de bens no mercado brasileiro”.","PROJETO DE LEI, ALTERAÇÃO, LEI FEDERAL, POLITICA NACIONAL, MUDANÇA CLIMATICA, IMPORTAÇÃO, BENS, PRODUTO, DISPONIBILIDADE, COMERCIO, AMBITO NACIONAL, REQUISITOS, PAIS ESTRANGEIRO, CRITERIOS, EMISSÃO, GAS, EFEITO ESTUFA, EQUIPARAÇÃO, SITUAÇÃO, BRASIL.",,Esperidião Amin Helou Filho,Masculino,1947-12-21,SC,Florianópolis
512766,581,Jaques Wagner,PT,BA,Sessão Deliberativa Ordinária,Discussão,2025-04-01,"Discussão sobre o Projeto de Lei (PL) n° 2088, de 2023, que ""Acrescenta o art. 12-A à Lei nº 12.187, de 29 de dezembro de 2009, que institui a Política Nacional sobre Mudança do Clima, para tornar obrigatório o cumprimento de padrões ambientais compatíveis aos do Brasil, para a disponibilização de bens no mercado brasileiro”.","DISCUSSÃO, PROJETO DE LEI, ALTERAÇÃO, LEI FEDERAL, POLITICA NACIONAL, MUDANÇA CLIMATICA, IMPORTAÇÃO, BENS, PRODUTO, DISPONIBILIDADE, COMERCIO, AMBITO NACIONAL, REQUISITOS, PAIS ESTRANGEIRO, CRITERIOS, EMISSÃO, GAS, EFEITO ESTUFA, EQUIPARAÇÃO, SITUAÇÃO, BRASIL.",,Jaques Wagner,Masculino,1951-03-16,RJ,Rio de Janeiro
512765,5672,Alan Rick,UNIÃO,AC,Sessão Deliberativa Ordinária,Discussão,2025-04-01,"Discussão sobre o Projeto de Lei (PL) n° 2088, de 2023, que ""Acrescenta o art. 12-A à Lei nº 12.187, de 29 de dezembro de 2009, que institui a Política Nacional sobre Mudança do Clima, para tornar obrigatório o cumprimento de padrões ambientais compatíveis aos do Brasil, para a disponibilização de bens no mercado brasileiro”.","DISCUSSÃO, PROJETO DE LEI, ALTERAÇÃO, LEI FEDERAL, POLITICA NACIONAL, MUDANÇA CLIMATICA, IMPORTAÇÃO, BENS, PRODUTO, DISPONIBILIDADE, COMERCIO, AMBITO NACIONAL, REQUISITOS, PAIS ESTRANGEIRO, CRITERIOS, EMISSÃO, GAS, EFEITO ESTUFA, EQUIPARAÇÃO, SITUAÇÃO, BRASIL.",,Alan Rick Miranda,Masculino,1976-10-23,AC,Rio Branco
512764,3806,Zequinha Marinho,PODEMOS,PA,Sessão Deliberativa Ordinária,Discussão,2025-04-01,"Discussão sobre o Projeto de Lei (PL) n° 2088, de 2023, que ""Acrescenta o art. 12-A à Lei nº 12.187, de 29 de dezembro de 2009, que institui a Política Nacional sobre Mudança do Clima, para tornar obrigatório o cumprimento de padrões ambientais compatíveis aos do Brasil, para a disponibilização de bens no mercado brasileiro”.","DISCUSSÃO, PROJETO DE LEI, ALTERAÇÃO, LEI FEDERAL, POLITICA NACIONAL, MUDANÇA CLIMATICA, IMPORTAÇÃO, BENS, PRODUTO, DISPONIBILIDADE, COMERCIO, AMBITO NACIONAL, REQUISITOS, PAIS ESTRANGEIRO, CRITERIOS, EMISSÃO, GAS, EFEITO ESTUFA, EQUIPARAÇÃO, SITUAÇÃO, BRASIL.",,José da Cruz Marinho,Masculino,1959-09-18,TO,Araguacema
512763,6340,Jaime Bagattoli,PL,RO,Sessão Deliberativa Ordinária,Discussão,2025-04-01,"Discussão sobre o Projeto de Lei (PL) n° 2088, de 2023, que ""Acrescenta o art. 12-A à Lei nº 12.187, de 29 de dezembro de 2009, que institui a Política Nacional sobre Mudança do Clima, para tornar obrigatório o cumprimento de padrões ambientais compatíveis aos do Brasil, para a disponibilização de bens no mercado brasileiro”.","DISCUSSÃO, PROJETO DE LEI, ALTERAÇÃO, LEI FEDERAL, POLITICA NACIONAL, MUDANÇA CLIMATICA, IMPORTAÇÃO, BENS, PRODUTO, DISPONIBILIDADE, COMERCIO, AMBITO NACIONAL, REQUISITOS, PAIS ESTRANGEIRO, CRITERIOS, EMISSÃO, GAS, EFEITO ESTUFA, EQUIPARAÇÃO, SITUAÇÃO, BRASIL.",,Jaime Maximino Bagattoli,Masculino,1961-04-26,SC,Presidente Getúlio
512761,5736,Tereza Cristina,PP,MS,Sessão Deliberativa Ordinária,Como Relator,2025-04-01,"Como Relator sobre o Projeto de Lei (PL) n° 2088, de 2023, que ""Acrescenta o art. 12-A à Lei nº 12.187, de 29 de dezembro de 2009, que institui a Política Nacional sobre Mudança do Clima, para tornar obrigatório o cumprimento de padrões ambientais compatíveis aos do Brasil, para a disponibilização de bens no mercado brasileiro”.","RELATOR, PROJETO DE LEI, ALTERAÇÃO, LEI FEDERAL, POLITICA NACIONAL, MUDANÇA CLIMATICA, IMPORTAÇÃO, BENS, PRODUTO, DISPONIBILIDADE, COMERCIO, AMBITO NACIONAL, REQUISITOS, PAIS ESTRANGEIRO, CRITERIOS, EMISSÃO, GAS, EFEITO ESTUFA, EQUIPARAÇÃO, SITUAÇÃO, BRASIL.",,Tereza Cristina Correa da Costa Dias,Feminino,1954-07-06,MS,Campo Grande
512758,5525,Omar Aziz,PSD,AM,Sessão Deliberativa Ordinária,Pela ordem,2025-04-01,"Preocupação com a aquisição, pelo Banco de Brasília, de parte do Banco Master. Necessidade de fiscalização, pelo Congresso Nacional, das finanças públicas do Distrito Federal.","PREOCUPAÇÃO, AQUISIÇÃO, BANCO DE BRASILIA (BRB), COMPRA E VENDA, AÇÕES, BANCO PARTICULAR, NECESSIDADE, FISCALIZAÇÃO, CONGRESSO NACIONAL, FINANÇAS PUBLICAS, DISTRITO FEDERAL (DF).",,Omar José Abdel Aziz,Masculino,1958-08-13,SP,Garça
512756,5322,Romário,PL,RJ,Sessão Deliberativa Ordinária,Pela ordem,2025-04-01,"Pela ordem sobre o Projeto de Lei Complementar (PLP) n° 201, de 2024, que ""Acrescenta dispositivos à Lei Complementar nº 95, de 26 de fevereiro de 1998, que dispõe sobre a elaboração, a redação, a alteração e a consolidação das leis, conforme determina o parágrafo único do art. 59 da Constituição Federal, e estabelece normas para a consolidação dos atos normativos que menciona, com o intuito de estabelecer normas e diretrizes para encaminhamento de proposições legislativas”.","PROJETO DE LEI COMPLEMENTAR (PLP), ALTERAÇÃO, LEI COMPLEMENTAR, OBRIGATORIEDADE, ENCAMINHAMENTO, PROJETO DE LEI, ACOMPANHAMENTO, ANALISE, EFEITO, LEGISLAÇÃO, MEIO AMBIENTE, IMPACTO AMBIENTAL, OBJETIVO, AVALIAÇÃO, DESENVOLVIMENTO NACIONAL, DESENVOLVIMENTO SUSTENTAVEL, CRITERIOS, ELABORAÇÃO, RELATORIO.",,Romario de Souza Faria,Masculino,1966-01-29,RJ,Rio de Janeiro
512755,70,Renan Calheiros,MDB,AL,Sessão Deliberativa Ordinária,Pela ordem,2025-04-01,"Pela ordem sobre o Projeto de Lei (PL) n° 2088, de 2023, que ""Acrescenta o art. 12-A à Lei nº 12.187, de 29 de dezembro de 2009, que institui a Política Nacional sobre Mudança do Clima, para tornar obrigatório o cumprimento de padrões ambientais compatíveis aos do Brasil, para a disponibilização de bens no mercado brasileiro”.","PROJETO DE LEI, ALTERAÇÃO, LEI FEDERAL, POLITICA NACIONAL, MUDANÇA CLIMATICA, IMPORTAÇÃO, BENS, PRODUTO, DISPONIBILIDADE, COMERCIO, AMBITO NACIONAL, REQUISITOS, PAIS ESTRANGEIRO, CRITERIOS, EMISSÃO, GAS, EFEITO ESTUFA, EQUIPARAÇÃO, SITUAÇÃO, BRASIL.",,José Renan Vasconcelos Calheiros,Masculino,1955-09-16,AL,Murici
512753,5012,Randolfe Rodrigues,PT,AP,Sessão Deliberativa Ordinária,Pela ordem,2025-04-01,"Pela ordem sobre o Projeto de Lei (PL) n° 2088, de 2023, que ""Acrescenta o art. 12-A à Lei nº 12.187, de 29 de dezembro de 2009, que institui a Política Nacional sobre Mudança do Clima, para tornar obrigatório o cumprimento de padrões ambientais compatíveis aos do Brasil, para a disponibilização de bens no mercado brasileiro”.","PROJETO DE LEI, ALTERAÇÃO, LEI FEDERAL, POLITICA NACIONAL, MUDANÇA CLIMATICA, IMPORTAÇÃO, BENS, PRODUTO, DISPONIBILIDADE, COMERCIO, AMBITO NACIONAL, REQUISITOS, PAIS ESTRANGEIRO, CRITERIOS, EMISSÃO, GAS, EFEITO ESTUFA, EQUIPARAÇÃO, SITUAÇÃO, BRASIL.",,Randolph Frederich Rodrigues Alves,Masculino,1972-11-06,PE,Garanhuns
512752,4694,Rogerio Marinho,PL,RN,Sessão Deliberativa Ordinária,Pela Liderança,2025-04-01,"Pela Liderança sobre o Projeto de Lei (PL) n° 2088, de 2023, que ""Acrescenta o art. 12-A à Lei nº 12.187, de 29 de dezembro de 2009, que institui a Política Nacional sobre Mudança do Clima, para tornar obrigatório o cumprimento de padrões ambientais compatíveis aos do Brasil, para a disponibilização de bens no mercado brasileiro”.","LIDERANÇA, PROJETO DE LEI, ALTERAÇÃO, LEI FEDERAL, POLITICA NACIONAL, MUDANÇA CLIMATICA, IMPORTAÇÃO, BENS, PRODUTO, DISPONIBILIDADE, COMERCIO, AMBITO NACIONAL, REQUISITOS, PAIS ESTRANGEIRO, CRITERIOS, EMISSÃO, GAS, EFEITO ESTUFA, EQUIPARAÇÃO, SITUAÇÃO, BRASIL.",,Rogério Simonetti Marinho,Masculino,1963-11-26,RN,Natal
512751,5012,Randolfe Rodrigues,PT,AP,Sessão Deliberativa Ordinária,Pela Liderança,2025-04-01,"Pela Liderança sobre o Projeto de Lei (PL) n° 2088, de 2023, que ""Acrescenta o art. 12-A à Lei nº 12.187, de 29 de dezembro de 2009, que institui a Política Nacional sobre Mudança do Clima, para tornar obrigatório o cumprimento de padrões ambientais compatíveis aos do Brasil, para a disponibilização de bens no mercado brasileiro”.","LIDERANÇA, PROJETO DE LEI, ALTERAÇÃO, LEI FEDERAL, POLITICA NACIONAL, MUDANÇA CLIMATICA, IMPORTAÇÃO, BENS, PRODUTO, DISPONIBILIDADE, COMERCIO, AMBITO NACIONAL, REQUISITOS, PAIS ESTRANGEIRO, CRITERIOS, EMISSÃO, GAS, EFEITO ESTUFA, EQUIPARAÇÃO, SITUAÇÃO, BRASIL.",,Randolph Frederich Rodrigues Alves,Masculino,1972-11-06,PE,Garanhuns
512748,581,Jaques Wagner,PT,BA,Sessão Deliberativa Ordinária,Discussão,2025-04-01,"Discussão sobre o Projeto de Lei da Câmara (PLC) n° 134, de 2017, que ""Altera a Lei nº 7.827, de 27 de setembro de 1989, que “regulamenta o art. 159, inciso I, alínea c, da Constituição Federal, institui o Fundo Constitucional de Financiamento do Norte - FNO, o Fundo Constitucional de Financiamento do Nordeste - FNE e o Fundo Constitucional de Financiamento do Centro-Oeste - FCO, e dá outras providências”.","DISCUSSÃO, PROJETO DE LEI DA CAMARA (PLC), ALTERAÇÃO, LEI FEDERAL, FUNDO CONSTITUCIONAL DE FINANCIAMENTO DO NORTE (FNO), FUNDO CONSTITUCIONAL DE FINANCIAMENTO DO NORDESTE (FNE), CRITERIOS, DESTINAÇÃO, RECURSOS FINANCEIROS, ATIVIDADE ECONOMICA, CRIATIVIDADE, PROPAGANDA, ARQUITETURA, ARTES, TURISMO, MODA, PRODUÇÃO CINEMATOGRAFICA, FILME, MUSICA, INFORMATICA, RADIO, TELEVISÃO.",,Jaques Wagner,Masculino,1951-03-16,RJ,Rio de Janeiro
512746,5386,Professora Dorinha Seabra,UNIÃO,TO,Sessão Deliberativa Ordinária,Como Relator,2025-04-01,"Como Relator sobre o Projeto de Lei da Câmara (PLC) n° 134, de 2017, que ""Altera a Lei nº 7.827, de 27 de setembro de 1989, que “regulamenta o art. 159, inciso I, alínea c, da Constituição Federal, institui o Fundo Constitucional de Financiamento do Norte - FNO, o Fundo Constitucional de Financiamento do Nordeste - FNE e o Fundo Constitucional de Financiamento do Centro-Oeste - FCO, e dá outras providências”.","RELATOR, PROJETO DE LEI DA CAMARA (PLC), ALTERAÇÃO, LEI FEDERAL, FUNDO CONSTITUCIONAL DE FINANCIAMENTO DO NORTE (FNO), FUNDO CONSTITUCIONAL DE FINANCIAMENTO DO NORDESTE (FNE), CRITERIOS, DESTINAÇÃO, RECURSOS FINANCEIROS, ATIVIDADE ECONOMICA, CRIATIVIDADE, PROPAGANDA, ARQUITETURA, ARTES, TURISMO, MODA, PRODUÇÃO CINEMATOGRAFICA, FILME, MUSICA, INFORMATICA, RADIO, TELEVISÃO.",,Maria Auxiliadora Seabra Rezende,Feminino,1964-10-01,GO,Goiânia
512744,6338,Teresa Leitão,PT,PE,Sessão Deliberativa Ordinária,Pela ordem,2025-04-01,"Solicitação de registro em ata de Voto de Aplauso à Assembleia Legislativa do Estado de Pernambuco, por ocasião da celebração dos 190 anos de sua fundação.","REQUERIMENTO, INSERÇÃO, ATA, SENADO, VOTO DE APLAUSO, ANIVERSARIO DE FUNDAÇÃO, ASSEMBLEIA LEGISLATIVA, ESTADO DE PERNAMBUCO (PE).",,Maria Teresa Leitão de Melo,Feminino,1951-10-07,PE,Recife
512742,6338,Teresa Leitão,PT,PE,Sessão Deliberativa Ordinária,Orientação à bancada,2025-04-01,"Orientação à bancada, pela Liderança da Bancada Feminina, sobre o Projeto de Lei Complementar (PLP) n° 201, de 2019, que ""Altera o inciso I do §1º do art. 48 da Lei Complementar nº 101, de 4 de maio de 2000, para garantir a participação popular e a realização de audiências públicas, durante os processos de elaboração e discussão dos planos, lei de diretrizes orçamentárias e orçamentos”.","ORIENTAÇÃO, BANCADA, PROJETO DE LEI COMPLEMENTAR (PLP), ALTERAÇÃO, LEI DE RESPONSABILIDADE FISCAL, GARANTIA, PARTICIPAÇÃO, POPULAÇÃO, REALIZAÇÃO, AUDIENCIA PUBLICA, ELABORAÇÃO, DISCUSSÃO, PLANO, LEI DE DIRETRIZES ORÇAMENTARIAS (LDO), ORÇAMENTO.",,Maria Teresa Leitão de Melo,Feminino,1951-10-07,PE,Recife
512741,4694,Rogerio Marinho,PL,RN,Sessão Deliberativa Ordinária,Orientação à bancada,2025-04-01,"Orientação à bancada, pela Liderança da Oposição, sobre o Projeto de Lei Complementar (PLP) n° 201, de 2019, que ""Altera o inciso I do §1º do art. 48 da Lei Complementar nº 101, de 4 de maio de 2000, para garantir a participação popular e a realização de audiências públicas, durante os processos de elaboração e discussão dos planos, lei de diretrizes orçamentárias e orçamentos"".","ORIENTAÇÃO, BANCADA, PROJETO DE LEI COMPLEMENTAR (PLP), ALTERAÇÃO, LEI DE RESPONSABILIDADE FISCAL, GARANTIA, PARTICIPAÇÃO, POPULAÇÃO, REALIZAÇÃO, AUDIENCIA PUBLICA, ELABORAÇÃO, DISCUSSÃO, PLANO, LEI DE DIRETRIZES ORÇAMENTARIAS (LDO), ORÇAMENTO.",,Rogério Simonetti Marinho,Masculino,1963-11-26,RN,Natal
512740,5976,Eduardo Girão,NOVO,CE,Sessão Deliberativa Ordinária,Orientação à bancada,2025-04-01,"Orientação à bancada, pelo Partido NOVO, sobre o Projeto de Lei Complementar (PLP) n° 201, de 2019, que ""Altera o inciso I do §1º do art. 48 da Lei Complementar nº 101, de 4 de maio de 2000, para garantir a participação popular e a realização de audiências públicas, durante os processos de elaboração e discussão dos planos, lei de diretrizes orçamentárias e orçamentos”.","ORIENTAÇÃO, BANCADA, PROJETO DE LEI COMPLEMENTAR (PLP), ALTERAÇÃO, LEI DE RESPONSABILIDADE FISCAL, GARANTIA, PARTICIPAÇÃO, POPULAÇÃO, REALIZAÇÃO, AUDIENCIA PUBLICA, ELABORAÇÃO, DISCUSSÃO, PLANO, LEI DE DIRETRIZES ORÇAMENTARIAS (LDO), ORÇAMENTO.",,Luis Eduardo Grangeiro Girão,Masculino,1972-09-25,CE,Fortaleza
512739,5502,Plínio Valério,PSDB,AM,Sessão Deliberativa Ordinária,Orientação à bancada,2025-04-01,"Orientação à bancada, pelo Partido PSDB, sobre o Projeto de Lei Complementar (PLP) n° 201, de 2019, que ""Altera o inciso I do §1º do art. 48 da Lei Complementar nº 101, de 4 de maio de 2000, para garantir a participação popular e a realização de audiências públicas, durante os processos de elaboração e discussão dos planos, lei de diretrizes orçamentárias e orçamentos"".","ORIENTAÇÃO, BANCADA, PROJETO DE LEI COMPLEMENTAR (PLP), ALTERAÇÃO, LEI DE RESPONSABILIDADE FISCAL, GARANTIA, PARTICIPAÇÃO, POPULAÇÃO, REALIZAÇÃO, AUDIENCIA PUBLICA, ELABORAÇÃO, DISCUSSÃO, PLANO, LEI DE DIRETRIZES ORÇAMENTARIAS (LDO), ORÇAMENTO.",,Francisco Plínio Valério Tomaz,Masculino,1955-01-31,AM,Eirunepé
512738,6341,Hamilton Mourão,REPUBLICANOS,RS,Sessão Deliberativa Ordinária,Orientação à bancada,2025-04-01,"Orientação à bancada, pelo Partido REPUBLICANOS, sobre o Projeto de Lei Complementar (PLP) n° 201, de 2019, que ""Altera o inciso I do §1º do art. 48 da Lei Complementar nº 101, de 4 de maio de 2000, para garantir a participação popular e a realização de audiências públicas, durante os processos de elaboração e discussão dos planos, lei de diretrizes orçamentárias e orçamentos”.","ORIENTAÇÃO, BANCADA, PROJETO DE LEI COMPLEMENTAR (PLP), ALTERAÇÃO, LEI DE RESPONSABILIDADE FISCAL, GARANTIA, PARTICIPAÇÃO, POPULAÇÃO, REALIZAÇÃO, AUDIENCIA PUBLICA, ELABORAÇÃO, DISCUSSÃO, PLANO, LEI DE DIRETRIZES ORÇAMENTARIAS (LDO), ORÇAMENTO.",,Antonio Hamilton Martins Mourão,Masculino,1953-08-15,RS,Porto Alegre
512737,5895,Jorge Kajuru,PSB,GO,Sessão Deliberativa Ordinária,Orientação à bancada,2025-04-01,"Orientação à bancada, pelo Partido PSB, sobre o Projeto de Lei Complementar (PLP) n° 201, de 2019, que ""Altera o inciso I do §1º do art. 48 da Lei Complementar nº 101, de 4 de maio de 2000, para garantir a participação popular e a realização de audiências públicas, durante os processos de elaboração e discussão dos planos, lei de diretrizes orçamentárias e orçamentos”.","ORIENTAÇÃO, BANCADA, PROJETO DE LEI COMPLEMENTAR (PLP), ALTERAÇÃO, LEI DE RESPONSABILIDADE FISCAL, GARANTIA, PARTICIPAÇÃO, POPULAÇÃO, REALIZAÇÃO, AUDIENCIA PUBLICA, ELABORAÇÃO, DISCUSSÃO, PLANO, LEI DE DIRETRIZES ORÇAMENTARIAS (LDO), ORÇAMENTO.",,Jorge Kajuru Reis da Costa Nasser,Masculino,1961-01-20,SP,Cajuru
512736,4811,Laércio Oliveira,PP,SE,Sessão Deliberativa Ordinária,Orientação à bancada,2025-04-01,"Orientação à bancada, pelo Partido PP, sobre o Projeto de Lei Complementar (PLP) n° 201, de 2019, que ""Altera o inciso I do §1º do art. 48 da Lei Complementar nº 101, de 4 de maio de 2000, para garantir a participação popular e a realização de audiências públicas, durante os processos de elaboração e discussão dos planos, lei de diretrizes orçamentárias e orçamentos”.","ORIENTAÇÃO, BANCADA, PROJETO DE LEI COMPLEMENTAR (PLP), ALTERAÇÃO, LEI DE RESPONSABILIDADE FISCAL, GARANTIA, PARTICIPAÇÃO, POPULAÇÃO, REALIZAÇÃO, AUDIENCIA PUBLICA, ELABORAÇÃO, DISCUSSÃO, PLANO, LEI DE DIRETRIZES ORÇAMENTARIAS (LDO), ORÇAMENTO.",,Laércio José de Oliveira,Masculino,1959-04-15,PE,Recife
512735,5386,Professora Dorinha Seabra,UNIÃO,TO,Sessão Deliberativa Ordinária,Orientação à bancada,2025-04-01,"Orientação à bancada, pelo Partido UNIÃO, sobre o Projeto de Lei Complementar (PLP) n° 201, de 2019, que ""Altera o inciso I do §1º do art. 48 da Lei Complementar nº 101, de 4 de maio de 2000, para garantir a participação popular e a realização de audiências públicas, durante os processos de elaboração e discussão dos planos, lei de diretrizes orçamentárias e orçamentos”.","ORIENTAÇÃO, BANCADA, PROJETO DE LEI COMPLEMENTAR (PLP), ALTERAÇÃO, LEI DE RESPONSABILIDADE FISCAL, GARANTIA, PARTICIPAÇÃO, POPULAÇÃO, REALIZAÇÃO, AUDIENCIA PUBLICA, ELABORAÇÃO, DISCUSSÃO, PLANO, LEI DE DIRETRIZES ORÇAMENTARIAS (LDO), ORÇAMENTO.",,Maria Auxiliadora Seabra Rezende,Feminino,1964-10-01,GO,Goiânia
512734,6338,Teresa Leitão,PT,PE,Sessão Deliberativa Ordinária,Orientação à bancada,2025-04-01,"Orientação à bancada, pelo Partido PT, sobre o Projeto de Lei Complementar (PLP) n° 201, de 2019, que ""Altera o inciso I do §1º do art. 48 da Lei Complementar nº 101, de 4 de maio de 2000, para garantir a participação popular e a realização de audiências públicas, durante os processos de elaboração e discussão dos planos, lei de diretrizes orçamentárias e orçamentos”.","ORIENTAÇÃO, BANCADA, PROJETO DE LEI COMPLEMENTAR (PLP), ALTERAÇÃO, LEI DE RESPONSABILIDADE FISCAL, GARANTIA, PARTICIPAÇÃO, POPULAÇÃO, REALIZAÇÃO, AUDIENCIA PUBLICA, ELABORAÇÃO, DISCUSSÃO, PLANO, LEI DE DIRETRIZES ORÇAMENTARIAS (LDO), ORÇAMENTO.",,Maria Teresa Leitão de Melo,Feminino,1951-10-07,PE,Recife
512733,4770,Izalci Lucas,PL,DF,Sessão Deliberativa Ordinária,Orientação à bancada,2025-04-01,"Orientação à bancada, pelo Partido PL, sobre o Projeto de Lei Complementar (PLP) n° 201, de 2019, que ""Altera o inciso I do §1º do art. 48 da Lei Complementar nº 101, de 4 de maio de 2000, para garantir a participação popular e a realização de audiências públicas, durante os processos de elaboração e discussão dos planos, lei de diretrizes orçamentárias e orçamentos”.","ORIENTAÇÃO, BANCADA, PROJETO DE LEI COMPLEMENTAR (PLP), ALTERAÇÃO, LEI DE RESPONSABILIDADE FISCAL, GARANTIA, PARTICIPAÇÃO, POPULAÇÃO, REALIZAÇÃO, AUDIENCIA PUBLICA, ELABORAÇÃO, DISCUSSÃO, PLANO, LEI DE DIRETRIZES ORÇAMENTARIAS (LDO), ORÇAMENTO.",,Izalci Lucas Ferreira,Masculino,1956-04-07,MG,Araújos
512731,5982,Alessandro Vieira,MDB,SE,Sessão Deliberativa Ordinária,Discussão,2025-04-01,"Discussão sobre o Projeto de Lei Complementar (PLP) n° 201, de 2019, que ""Altera o inciso I do §1º do art. 48 da Lei Complementar nº 101, de 4 de maio de 2000, para garantir a participação popular e a realização de audiências públicas, durante os processos de elaboração e discussão dos planos, lei de diretrizes orçamentárias e orçamentos”.","DISCUSSÃO, PROJETO DE LEI COMPLEMENTAR (PLP), ALTERAÇÃO, LEI DE RESPONSABILIDADE FISCAL, GARANTIA, PARTICIPAÇÃO, POPULAÇÃO, REALIZAÇÃO, AUDIENCIA PUBLICA, ELABORAÇÃO, PLANO, LEI DE DIRETRIZES ORÇAMENTARIAS (LDO), ORÇAMENTO.",,Alessandro Vieira,Masculino,1975-04-03,RS,Passo Fundo
512730,5386,Professora Dorinha Seabra,UNIÃO,TO,Sessão Deliberativa Ordinária,Como Relator,2025-04-01,"Como Relator sobre o Projeto de Lei Complementar (PLP) n° 201, de 2019, que ""Altera o inciso I do §1º do art. 48 da Lei Complementar nº 101, de 4 de maio de 2000, para garantir a participação popular e a realização de audiências públicas, durante os processos de elaboração e discussão dos planos, lei de diretrizes orçamentárias e orçamentos”.","RELATOR, PROJETO DE LEI COMPLEMENTAR (PLP), ALTERAÇÃO, LEI DE RESPONSABILIDADE FISCAL, GARANTIA, PARTICIPAÇÃO, POPULAÇÃO, REALIZAÇÃO, AUDIENCIA PUBLICA, ELABORAÇÃO, DISCUSSÃO, PLANO, LEI DE DIRETRIZES ORÇAMENTARIAS (LDO), ORÇAMENTO.",,Maria Auxiliadora Seabra Rezende,Feminino,1964-10-01,GO,Goiânia
512729,581,Jaques Wagner,PT,BA,Sessão Deliberativa Ordinária,Discussão,2025-04-01,"Discussão sobre o Projeto de Lei Complementar (PLP) n° 201, de 2019, que ""Altera o inciso I do §1º do art. 48 da Lei Complementar nº 101, de 4 de maio de 2000, para garantir a participação popular e a realização de audiências públicas, durante os processos de elaboração e discussão dos planos, lei de diretrizes orçamentárias e orçamentos”.","DISCUSSÃO, PROJETO DE LEI COMPLEMENTAR (PLP), ALTERAÇÃO, LEI DE RESPONSABILIDADE FISCAL, GARANTIA, PARTICIPAÇÃO, POPULAÇÃO, REALIZAÇÃO, AUDIENCIA PUBLICA, ELABORAÇÃO, PLANO, LEI DE DIRETRIZES ORÇAMENTARIAS (LDO), ORÇAMENTO.",,Jaques Wagner,Masculino,1951-03-16,RJ,Rio de Janeiro
512727,6337,Cleitinho,REPUBLICANOS,MG,Sessão Deliberativa Ordinária,Pela ordem,2025-04-01,"Solidariedade ao Deputado Federal Rogério Correia, de Minas Gerais, em razão da sua hospitalização para tratamento de saúde.","SOLIDARIEDADE, ROGERIO CORREIA, DEPUTADO FEDERAL, HOSPITALIZAÇÃO, TRATAMENTO DE SAUDE, CANCER.",,Cleiton Gontijo de Azevedo,Masculino,1982-04-15,MG,Divinópolis
512726,5502,Plínio Valério,PSDB,AM,Sessão Deliberativa Ordinária,Pela ordem,2025-04-01,Questionamento à Mesa do Senado sobre o andamento do Projeto de Lei de autoria de S. Exa. que cria a Comissão Permanente de Defesa da Mulher.,"QUESTIONAMENTO, MESA DO SENADO, TRAMITAÇÃO, PROJETO DE LEI, AUTORIA, ORADOR, CRIAÇÃO, COMISSÃO PERMANENTE, DEFESA, MULHER.",,Francisco Plínio Valério Tomaz,Masculino,1955-01-31,AM,Eirunepé
512725,22,Esperidião Amin,PP,SC,Sessão Deliberativa Ordinária,Pela ordem,2025-04-01,"Pela ordem sobre o Requerimento (RQS) n° 226, de 2025, que ""Requer a dispensa do parecer da Comissão de Comunicação e Direito Digital sobre o Projeto de Lei nº 3.220/2019.""","PROJETO DE LEI, ALTERAÇÃO, LEI FEDERAL, AUTORIZAÇÃO, EXCEÇÃO, VERDADE, AMBITO, COMISSÃO PARLAMENTAR DE INQUERITO (CPI), CRIME CONTRA A HONRA, IMPUTAÇÃO, ATO ILICITO, AGENTE PUBLICO, PARTICULAR, REQUISITOS, CORRELAÇÃO, INVESTIGAÇÃO, INFORMAÇÃO, FATO.
PROJETO DE RESOLUÇÃO DO SENADO (PRS), CRIAÇÃO, RESOLUÇÃO, SENADO, FRENTE PARLAMENTAR, ECONOMIA, MAR, SETOR, NAVEGAÇÃO, DEFESA, INTERESSE, DESENVOLVIMENTO, INFRAESTRUTURA, PORTOS, TRANSPORTE AQUATICO, INDUSTRIA, INCENTIVO, SERVIÇO, ACOMPANHAMENTO, PROPOSIÇÃO LEGISLATIVA, ASSESSORAMENTO, FUNCIONAMENTO, COMPOSIÇÃO.
REQUERIMENTO, DISPENSA, PARECER, Comissão de Comunicação e Direito Digital (CCDD), SENADO, PROJETO DE LEI, DIREITOS, EMPRESA, PRESTAÇÃO DE SERVIÇO, UTILIZAÇÃO, COMPARTILHAMENTO, INFRAESTRUTURA, TELECOMUNICAÇÃO, INTERESSE PUBLICO, CONCESSIONARIA, ENERGIA ELETRICA.",,Esperidião Amin Helou Filho,Masculino,1947-12-21,SC,Florianópolis
512723,5976,Eduardo Girão,NOVO,CE,Sessão Deliberativa Ordinária,Pela ordem,2025-04-01,"Apelo ao Presidente do Senado Federal para que contacte o Presidente Lula no sentido de que se providencie, com urgência, uma intervenção federal no estado do Ceará, a fim de conter a escalada de violência que se verifica no estado. Solicitação ao Senador Davi Alcolumbre para que obtenha do Ministro Alexandre de Moraes, do STF, autorização para que Senadores possam visitar o General Braga Neto.","SOLICITAÇÃO, PRESIDENTE, SENADO, APOIO, LUIZ INACIO LULA DA SILVA, PRESIDENTE DA REPUBLICA, PROVIDENCIA, INTERVENÇÃO FEDERAL, ESTADO DO CEARA (CE), OBJETIVO, REDUÇÃO, VIOLENCIA.
SOLICITAÇÃO, DAVI ALCOLUMBRE, PRESIDENTE, SENADO, OBTENÇÃO, AUTORIZAÇÃO, ALEXANDRE DE MORAES, MINISTRO, SUPREMO TRIBUNAL FEDERAL (STF), VISITA, SENADOR, WALTER BRAGA NETTO, GENERAL DE EXERCITO, PRISÃO.",,Luis Eduardo Grangeiro Girão,Masculino,1972-09-25,CE,Fortaleza
512720,6009,Astronauta Marcos Pontes,PL,SP,Sessão Deliberativa Ordinária,Pela ordem,2025-04-01,"Pela ordem sobre o Requerimento (RQS) n° 53, de 2025, que ""Requer a realização de Sessão Especial destinada a celebrar o Dia Nacional da Ciência e do Pesquisador Científico.""","REQUERIMENTO, REALIZAÇÃO, SESSÃO ESPECIAL, CELEBRAÇÃO, Dia Nacional da Ciência, Dia Nacional do Pesquisador.
REQUERIMENTO, REALIZAÇÃO, SESSÃO ESPECIAL, CELEBRAÇÃO, Dia Nacional do Físico.
PROJETO DE RESOLUÇÃO DO SENADO (PRS), CRIAÇÃO, RESOLUÇÃO, SENADO, FRENTE PARLAMENTAR, APOIO, DESENVOLVIMENTO, INDUSTRIA FARMACEUTICA, PRODUÇÃO, PRODUTO FARMACEUTICO.",,Marcos Cesar Pontes,Masculino,1963-03-11,SP,Bauru
512718,6331,Sergio Moro,UNIÃO,PR,Sessão Deliberativa Ordinária,Discurso,2025-04-01,"Preocupação com o aumento da criminalidade em todo o país, em especial no Estado do Paraná. Críticas à alegada ausência de políticas eficazes de segurança pública no Governo Federal. Considerações sobre a atuação do mandato de S. Exa. para tentar mitigar o problema. Destaque para o Projeto de Lei no. 1285/2025, apresentado no último mês, que tipifica o crime de coação criminosa no tráfico de drogas.","COMENTARIO, AUMENTO, QUANTIDADE, CRIME, LATROCINIO, HOMICIDIO, INEXISTENCIA, POLITICA PUBLICA, GOVERNO FEDERAL, SEGURANÇA PUBLICA.
CRITICA, INEXISTENCIA, PROJETO DE LEI, GOVERNO FEDERAL, ENCAMINHAMENTO, CONGRESSO NACIONAL, MELHORIA, POLITICA PUBLICA, SEGURANÇA PUBLICA.
CRITICA, REDUÇÃO, RECURSOS ORÇAMENTARIOS, GOVERNO FEDERAL, DESTINAÇÃO, MELHORIA, SEGURANÇA PUBLICA.
DEFESA, POLITICA SOCIAL, COMBATE, POBREZA, DESIGUALDADE SOCIAL, SIMULTANEIDADE, MELHORIA, POLITICA PUBLICA, SEGURANÇA PUBLICA, PROTEÇÃO, SOCIEDADE.
DEFESA, APROVAÇÃO, SENADO, AGRAVAÇÃO, LEGISLAÇÃO PENAL, MELHORIA, LEGISLAÇÃO PROCESSUAL PENAL, OBJETIVO, REDUÇÃO, IMPUNIDADE.
APRESENTAÇÃO, PROJETO DE LEI, AUTORIA, ORADOR, CRIAÇÃO, LEI PENAL, COAÇÃO, CRIME, LIGAÇÃO, TRAFICO, DROGA, PROTEÇÃO, OBJETIVO, JURADO, JULGAMENTO, TRAFICANTE.",,Sergio Fernando Moro,Masculino,1972-08-01,PR,Maringá
512717,285,Marcio Bittar,UNIÃO,AC,Sessão Deliberativa Ordinária,Discurso,2025-04-01,"Considerações sobre a necessidade de instalação da CPI dos Correios. Crítica ao enfraquecimento da Lei no.13.303/2016 (Lei das Estatais), e pedido de apoio para a proposição de PEC, a ser apresentada por S. Exa., que estabelece uma cláusula de barreira para restringir o direito de partidos políticos menores de acionarem o STF.","DEFESA, REALIZAÇÃO, COMISSÃO PARLAMENTAR DE INQUERITO (CPI), INVESTIGAÇÃO, PREJUIZO, ATRASO, PAGAMENTO, EMPRESA, TRANSPORTADOR RODOVIARIO, POSSIBILIDADE, PARALISAÇÃO, ENTREGA, ENCOMENDA POSTAL, FALENCIA, LOGISTICA, EMPRESA BRASILEIRA DE CORREIOS E TELEGRAFOS (ECT).
COMENTARIO, INEXISTENCIA, RECOLHIMENTO, FUNDO DE GARANTIA POR TEMPO DE SERVIÇO (FGTS), EMPREGADO, FUNCIONARIO PUBLICO, EMPRESA ESTATAL, EMPRESA BRASILEIRA DE CORREIOS E TELEGRAFOS (ECT).
COMENTARIO, SUSPEIÇÃO, IRREGULARIDADE, LICITAÇÃO, EMPRESA BRASILEIRA DE CORREIOS E TELEGRAFOS (ECT), CONTRATAÇÃO, EMPRESA DE PUBLICIDADE, RISCOS, SUPERFATURAMENTO, NEPOTISMO.
COMENTARIO, SUSPEIÇÃO, COMPROMETIMENTO, ESPOSA, PRESIDENTE, EMPRESA BRASILEIRA DE CORREIOS E TELEGRAFOS (ECT), ESCRITORIO, ADVOCACIA, RESPONSABILIDADE, ACORDO, PAGAMENTO, GOVERNO BRASILEIRO, PARTE, DIVIDA, PREVIDENCIA PRIVADA.
COMENTARIO, SUSPENSÃO, EFEITO, LEGISLAÇÃO, EMPRESA ESTATAL, APROVAÇÃO, SENADO, RESPONSABILIDADE, MINISTRO, RICARDO LEWANDOWSKI, SUPREMO TRIBUNAL FEDERAL (STF), CONSEQUENCIA, AÇÃO JUDICIAL, DEPUTADO FEDERAL, PARTIDO POLITICO, PARTIDO COMUNISTA DO BRASIL (PC DO B), AUTORIZAÇÃO, INDICAÇÃO, NATUREZA POLITICA, CARGO.
APRESENTAÇÃO, PROPOSTA DE EMENDA A CONSTITUIÇÃO (PEC), AUTORIA, ORADOR, CONDICIONAMENTO, CLAUSULA DE BARREIRA, PARTIDO POLITICO, OBTENÇÃO, DIREITOS, AJUIZAMENTO, PROVOCAÇÃO, AÇÃO JUDICIAL, SUPREMO TRIBUNAL FEDERAL (STF).",,Marcio Miguel Bittar,Masculino,1963-06-28,SP,Franca
512716,6009,Astronauta Marcos Pontes,PL,SP,Sessão Deliberativa Ordinária,Discurso,2025-04-01,"Preocupação com a situação financeira e administrativa da Empresa Brasileira de Correios e Telégrafos (ECT), supostamente deteriorada durante a atual gestão, e expectativa de atuação do Congresso Nacional, do Ministério das Comunicações e do TCU diante desse cenário.","COMENTARIO, HISTORIA, LUCRO, SERVIÇO POSTAL, EMPRESA ESTATAL, EMPRESA BRASILEIRA DE CORREIOS E TELEGRAFOS (ECT), PERIODO, GESTÃO, ORADOR, QUALIDADE, MINISTRO, MINISTERIO DAS COMUNICAÇÕES (MC), GOVERNO, JAIR BOLSONARO, EX-PRESIDENTE DA REPUBLICA.
CRITICA, GESTÃO, EMPRESA ESTATAL, EMPRESA BRASILEIRA DE CORREIOS E TELEGRAFOS (ECT), GOVERNO, DEFICIT, ATRASO, PAGAMENTO, TERCEIRIZAÇÃO, TRANSPORTADOR RODOVIARIO, CONSEQUENCIA, POSSIBILIDADE, PARALISAÇÃO, ENTREGA, ENCOMENDA POSTAL, PREJUIZO, SERVIÇO POSTAL.
DEFESA, PRESTAÇÃO DE CONTAS, PRESIDENTE, EMPRESA ESTATAL, EMPRESA BRASILEIRA DE CORREIOS E TELEGRAFOS (ECT), APRESENTAÇÃO, PLANO, REGULARIZAÇÃO, SERVIÇO POSTAL, PAGAMENTO, EMPRESA, TRANSPORTADOR RODOVIARIO, TERCEIRIZAÇÃO, RECUPERAÇÃO, NATUREZA FINANCEIRA, NECESSIDADE, INTERVENÇÃO, MINISTERIO DAS COMUNICAÇÕES (MC), CONGRESSO NACIONAL, TRIBUNAL DE CONTAS DA UNIÃO (TCU).",,Marcos Cesar Pontes,Masculino,1963-03-11,SP,Bauru
512715,5917,Fernando Dueire,MDB,PE,Sessão Deliberativa Ordinária,Discurso,2025-04-01,"Defesa do Projeto de Lei no. 3.433/2024, de autoria de S.Exa., que regula a securitização de ativos ambientais, destinada à conversão de créditos ambientais em recursos monetários.","DEFESA, APROVAÇÃO, PROJETO DE LEI, AUTORIA, ORADOR, REGULAMENTAÇÃO, TRANSFORMAÇÃO, TITULO, ATIVO FINANCEIRO, MEIO AMBIENTE, NEGOCIAÇÃO, MERCADO FINANCEIRO, MELHORIA, INVESTIMENTO, PROJETO, IMPACTO AMBIENTAL, COMPROMISSO, MUDANÇA CLIMATICA, SUSTENTABILIDADE.",,Fernando Antonio Caminha Dueire,Masculino,1959-04-14,PE,Recife
512714,4770,Izalci Lucas,PL,DF,Sessão Deliberativa Ordinária,Discurso,2025-04-01,"Questionamentos sobre a compra do Banco Master pelo Banco de Brasília (BRB), com destaque para o Requerimento no. 22/2025 da CAE, apresentado por S.Exa., que requer informações ao Banco Central sobre essa operação. Insatisfação com as políticas públicas desenvolvidas no Distrito Federal, especialmente em relação à questão fundiária.","ANUNCIO, SOLICITAÇÃO, REQUERIMENTO, INFORMAÇÃO, BANCO CENTRAL DO BRASIL (BACEN), OPERAÇÃO, BANCO DE BRASILIA (BRB), AQUISIÇÃO, BANCO PARTICULAR, NECESSIDADE, TRANSPARENCIA, FISCALIZAÇÃO, SISTEMA FINANCEIRO NACIONAL, CONSELHO ADMINISTRATIVO DE DEFESA ECONOMICA (CADE).
CRITICA, GESTÃO, GOVERNO DO DISTRITO FEDERAL (GDF), INEXISTENCIA, IMPLEMENTAÇÃO, REGULARIZAÇÃO FUNDIÁRIA, ESCRITURA, TERRAS, DISTRITO FEDERAL (DF), ZONA URBANA, ZONA RURAL, CONSEQUENCIA, COMPROMETIMENTO, AGRICULTURA FAMILIAR, TURISMO, DESENVOLVIMENTO ECONOMICO, REGIÃO.
PREOCUPAÇÃO, PROJETO, DEFINIÇÃO, ORGANIZAÇÃO, TERRAS, DISTRITO FEDERAL (DF).
CRITICA, GOVERNO DO DISTRITO FEDERAL (GDF), INEXISTENCIA, POLITICA HABITACIONAL, CONSEQUENCIA, EXISTENCIA, INVASÃO, TERRAS, CARENCIA, HABITAÇÃO.
CRITICA, GOVERNO DO DISTRITO FEDERAL (GDF), GESTÃO, SAUDE PUBLICA, REDUÇÃO, ATENDIMENTO, CONSULTA, ASSISTENCIA MEDICA.",,Izalci Lucas Ferreira,Masculino,1956-04-07,MG,Araújos
512713,5422,Marcos Rogério,PL,RO,Sessão Deliberativa Ordinária,Discurso,2025-04-01,"Críticas à suposta instrumentalização política do sistema de justiça brasileiro, em especial à atuação do STF e da PGR nos julgamentos dos envolvidos nos atos do dia 8 de janeiro de 2023.","CRITICA, EXCESSO, DOSIMETRIA, PENALIDADE, SENTENÇA JUDICIAL, APLICAÇÃO, SUPREMO TRIBUNAL FEDERAL (STF), MANIFESTANTE, MULHER, PROTESTO, JANEIRO, DEPREDAÇÃO, CONGRESSO NACIONAL.
CRITICA, MINISTERIO PUBLICO, DENUNCIA, JAIR BOLSONARO, EX-PRESIDENTE DA REPUBLICA, ACUSAÇÃO, TENTATIVA, GOLPE DE ESTADO, FALSIDADE, FUNDAMENTAÇÃO JURIDICA, CARACTERIZAÇÃO, PERSEGUIÇÃO, NATUREZA POLITICA, DESTRUIÇÃO, REPUTAÇÃO.
CRITICA, ATUAÇÃO, PROCURADORIA GERAL DA REPUBLICA, SUJEIÇÃO, POSIÇÃO, MINISTRO, SUPREMO TRIBUNAL FEDERAL (STF).
DEFESA, RESISTENCIA, SENADO, EXCESSO, INTERFERENCIA, JUDICIARIO, LEGISLATIVO, OBJETIVO, MANUTENÇÃO, EQUILIBRIO, PODERES CONSTITUCIONAIS.",,Marcos Rogério da Silva Brito,Masculino,1978-07-07,NA,NA
512711,5008,Humberto Costa,PT,PE,Sessão Deliberativa Ordinária,Discurso,2025-04-01,Repúdio à concessão de anistia aos envolvidos nos atos de 8 de janeiro de 2023.,"REPUDIO, CONCESSÃO, ANISTIA, MANIFESTANTE, PROTESTO, JANEIRO, DEPREDAÇÃO, CONGRESSO NACIONAL, DEFESA, DEMOCRACIA, ESTADO DE DIREITO.",,Humberto Sérgio Costa Lima,Masculino,1957-07-07,SP,Campinas
512709,22,Esperidião Amin,PP,SC,Sessão Deliberativa Ordinária,Discurso,2025-04-01,"Preocupação com a situação financeira da Universidade Federal de Santa Catarina (UFSC) e da Universidade Federal da Fronteira Sul (UFFS). Alerta contra as decisões do STF que, segundo S. Exa., têm assumido viés político e desproporcional, como no caso da Sra. Débora Rodrigues dos Santos.","VISITA, INSTITUTO FEDERAL, CONCORDIA (SC), REALIZAÇÃO, EXPERIENCIA, TRANSFORMAÇÃO, MATERIAL PLASTICO, GASOLINA, RESULTADO, EMENDA PARLAMENTAR, DEPUTADO FEDERAL, ANGELA REGINA AMIN.
COMENTARIO, CRISE, NATUREZA FINANCEIRA, UNIVERSIDADE FEDERAL DE SANTA CATARINA (UFSC), UNIVERSIDADE FEDERAL DA FRONTEIRA SUL (UFFS), NECESSIDADE, APOIO, UNIVERSIDADE FEDERAL, RESPONSABILIDADE, SENADO, PLANO NACIONAL DE EDUCAÇÃO (PNE).
CRITICA, EXCESSO, DOSIMETRIA, PENALIDADE, SENTENÇA JUDICIAL, APLICAÇÃO, SUPREMO TRIBUNAL FEDERAL (STF), MANIFESTANTE, MULHER, PROTESTO, JANEIRO, DEPREDAÇÃO, CONGRESSO NACIONAL, CARACTERIZAÇÃO, PERSEGUIÇÃO, NATUREZA POLITICA, AUSENCIA, JURIDICIDADE, PROCESSO JUDICIAL.
ELOGIO, ATUAÇÃO, MINISTRO, LUIZ FUX, SUPREMO TRIBUNAL FEDERAL (STF), ADVERTENCIA, NECESSIDADE, LIMITAÇÃO, APLICAÇÃO, PENALIDADE, SENTENÇA JUDICIAL, MANIFESTANTE, MULHER, PROTESTO, JANEIRO, DEPREDAÇÃO, CONGRESSO NACIONAL.",,Esperidião Amin Helou Filho,Masculino,1947-12-21,SC,Florianópolis
512707,6338,Teresa Leitão,PT,PE,Sessão Deliberativa Ordinária,Discurso,2025-04-01,"Registro da importância do Estado democrático de direito. Denúncia da perseguição de opositores, da repressão e da violação de direitos durante a ditadura militar. Necessidade de preservar a memória como forma de evitar a repetição de abusos.","COMENTARIO, OPORTUNIDADE, DEPOSIÇÃO, ANIVERSARIO, JOÃO GOULART, EX-PRESIDENTE DA REPUBLICA, CONSOLIDAÇÃO, IMPORTANCIA, NECESSIDADE, REFORÇO, ESTADO DE DIREITO, DEMOCRACIA.
MEMORIA, HISTORIA, REPRESSÃO, GOVERNO, DITADURA, MILITAR, CENSURA, RESTRIÇÃO, LIBERDADE DE EXPRESSÃO, IMPRENSA, PERSEGUIÇÃO, ESTUDANTE, CONSEQUENCIA, NECESSIDADE, REFORÇO, DEMOCRACIA.
COMENTARIO, GOVERNO, PERSEGUIÇÃO, DITADURA, MILITAR, PAULO FREIRE, PEDAGOGO, CONSEQUENCIA, IMPEDIMENTO, ALFABETIZAÇÃO.
DEFESA, PRESERVAÇÃO, MEMORIA, AUTORITARISMO, BRASIL, OBJETIVO, IMPEDIMENTO, INTERVENÇÃO, MILITAR, COMPROMETIMENTO, DEMOCRACIA.",,Maria Teresa Leitão de Melo,Feminino,1951-10-07,PE,Recife
512705,825,Paulo Paim,PT,RS,Sessão Deliberativa Ordinária,Discurso,2025-04-01,"Relato sobre os impactos do temporal ocorrido, ontem, na região metropolitana de Porto Alegre-RS, com destaque para a interrupção de serviços públicos e danos à infraestrutura. Exposição dos investimentos do Governo Lula no Estado do Rio Grande do Sul, pós-tragédia climática de 2024, totalizando R$ 141,5 bilhões.","INFORMAÇÃO, OCORRENCIA, CHUVA, INUNDAÇÃO, ESTADO DO RIO GRANDE DO SUL (RS), CONSEQUENCIA, PARALISAÇÃO, TRANSPORTE RODOVIARIO, TRANSPORTE TERRESTRE, AUSENCIA, LUZ, ABASTECIMENTO DE AGUA.
COMENTARIO, COMPROMISSO, GOVERNO, LUIZ INACIO LULA DA SILVA, PRESIDENTE DA REPUBLICA, INVESTIMENTO, RECONSTRUÇÃO, SAUDE, EDUCAÇÃO, COMBATE, FOME, DESTINAÇÃO, RECURSOS, AGRICULTURA, CULTURA, INFRAESTRUTURA, PROTEÇÃO, EMPREGO, APOIO, EMPRESA, PROJETO, USINA, CONSTRUÇÃO, ETANOL, PASSO FUNDO (RS), RETOMADA, POLO INDUSTRIAL, INDUSTRIA NAVAL, RIO GRANDE (RS), ESTADO DO RIO GRANDE DO SUL (RS).",,Paulo Renato Paim,Masculino,1950-03-15,RS,Caxias do Sul
512704,5502,Plínio Valério,PSDB,AM,Sessão Deliberativa Ordinária,Pela Liderança,2025-04-01,Registro da decisão da Agência Nacional de Saúde Suplementar( ANS) de exigir a cobertura do rastreamento do câncer de mama por planos de saúde e defesa de que esse direito seja também garantido pelo SUS. Comentários sobre a atuação de S. Exa. na destinação de emendas parlamentares para ações de prevenção e tratamento do câncer em mulheres no Estado do Amazonas.,"COMENTARIO, ANUNCIO, AGENCIA NACIONAL DE SAUDE SUPLEMENTAR (ANS), AMPLIAÇÃO, LIMITE DE IDADE, INVESTIGAÇÃO, DIAGNOSTICO, CANCER, MULHER.
DEFESA, APROVAÇÃO, PROJETO DE LEI, REDUÇÃO, LIMITE DE IDADE, SISTEMA UNICO DE SAUDE (SUS), INVESTIGAÇÃO, DIAGNOSTICO, CANCER, MULHER.
CRITICA, ACUSAÇÃO, ARGUMENTO, GOVERNO, EXCESSO, CUSTO, INVESTIGAÇÃO, DIAGNOSTICO, CANCER, MULHER, CONSEQUENCIA, REDUÇÃO, LIMITE DE IDADE.",,Francisco Plínio Valério Tomaz,Masculino,1955-01-31,AM,Eirunepé
512702,5895,Jorge Kajuru,PSB,GO,Sessão Deliberativa Ordinária,Discurso,2025-04-01,"Comentários sobre a apreensão de um submarino carregado de cocaína em Portugal, com a presença de brasileiros a bordo, destacando a possível ligação com a organização criminosa Primeiro Comando da Capital (PCC). Preocupação com a crescente movimentação de máfias internacionais no Brasil e necessidade de maior protagonismo da União no combate ao crime organizado. Apoio à PEC no.45/2023, que prevê a incorporação do Sistema Único de Segurança Pública (Susp) à Constituição.","COMENTARIO, DENUNCIA, CORRUPÇÃO, DEPUTADO FEDERAL, PARTIDO POLITICO, PARTIDO LIBERAL (PL), ESTADO DE GOIAS (GO), DESTINAÇÃO, RECURSOS, ORGANIZAÇÃO NÃO-GOVERNAMENTAL (ONG).
COMENTARIO, APREENSÃO, DROGA, PROCEDENCIA, SUBMARINO, BRASIL, SUSPEIÇÃO, PARTICIPAÇÃO, CRIME ORGANIZADO, ITALIA, DISTRIBUIÇÃO, ENTORPECENTE, EUROPA.
COMENTARIO, LAVAGEM DE DINHEIRO, CRIME ORGANIZADO, BRASIL, UTILIZAÇÃO, MINERAÇÃO, IMOVEL, PRESTAÇÃO DE SERVIÇO, PODER PUBLICO.
APOIO, PROPOSTA DE EMENDA A CONSTITUIÇÃO (PEC), FORMAÇÃO, UNIFICAÇÃO, SISTEMA, SEGURANÇA PUBLICA, MELHORIA, EFICIENCIA, COMBATE, CRIME, CRIME ORGANIZADO.",,Jorge Kajuru Reis da Costa Nasser,Masculino,1961-01-20,SP,Cajuru
512701,5976,Eduardo Girão,NOVO,CE,Sessão Deliberativa Ordinária,Discurso,2025-04-01,"Críticas à contratação de serviços de publicidade pelo Senado Federal e à utilização de recursos públicos para a autopromoção de autoridades. Defesa do Projeto de Lei no.5504/2019, de autoria de S. Exa., que limita gastos com publicidade a fins educativos e informativos. Denúncia de supostos gastos excessivos com propaganda pelo Governo do Ceará e reivindicação de intervenção federal na segurança pública do Estado.","APRESENTAÇÃO, PROJETO DE LEI, LIMITAÇÃO, GASTOS PUBLICOS, PUBLICIDADE, UTILIZAÇÃO, EXECUTIVO, GOVERNO FEDERAL, GOVERNO ESTADUAL, GOVERNO MUNICIPAL.
DEFESA, REDUÇÃO, GASTOS PUBLICOS, PUBLICIDADE, EXCLUSIVIDADE, RECURSOS PUBLICOS, DESTINAÇÃO, EDUCAÇÃO.
DEFESA, IMPEDIMENTO, UTILIZAÇÃO, RECURSOS PUBLICOS, CAMPANHA PUBLICITARIA, PUBLICIDADE, PROMOÇÃO, GOVERNO MUNICIPAL, GOVERNO ESTADUAL, GOVERNO FEDERAL, EXECUTIVO.
CRITICA, INEXISTENCIA, UTILIZAÇÃO, RECURSOS PUBLICOS, PUBLICIDADE, CAMPANHA PUBLICITARIA, CAMPANHA EDUCACIONAL, PREVENÇÃO, ACIDENTE DE TRANSITO, COMBATE, DROGA, ABORTO.
CRITICA, EXCESSO, GASTOS PUBLICOS, PUBLICIDADE, EXECUTIVO, JUDICIARIO, ELOGIO, LEGISLATIVO, RESPONSABILIDADE, NATUREZA FISCAL.
REPUDIO, CONTRATAÇÃO, PROPOSTA, EMPRESA, PUBLICIDADE, OBJETIVO, MELHORIA, REPUTAÇÃO, SENADO.
DEFESA, UTILIZAÇÃO, RADIO SENADO, ESTRUTURA, TELEVISÃO, SENADO, AGENCIA SENADO, CAMPANHA PUBLICITARIA, MELHORIA, REPUTAÇÃO, LEGISLATIVO.",,Luis Eduardo Grangeiro Girão,Masculino,1972-09-25,CE,Fortaleza
